case_id,gold_label,provision_rank,law_title,provision_ref,provision_text,case_query_preview,n_related_provisions,source
case_4101,PARTIAL_A_WIN,1,Bộ luật Dân sự năm 2015,Điều 584,Bộ luật Dân sự năm 2015 | Điều 584,"Chị Lê Thị T khởi kiện anh Chử Lương D và chị Đỗ Thị Thanh T về tranh chấp bồi thường thiệt hại ngoài hợp đồng do chó nhà bị thả rông đuổi cắn làm chị T ngã xe, gây hư hỏng xe máy và chấn thương. Chị T yêu cầu bồi thường",6,ALQAC2026_public_test.json
case_4101,PARTIAL_A_WIN,2,Bộ luật Dân sự năm 2015,Điều 558,Bộ luật Dân sự năm 2015 | Điều 558,"Chị Lê Thị T khởi kiện anh Chử Lương D và chị Đỗ Thị Thanh T về tranh chấp bồi thường thiệt hại ngoài hợp đồng do chó nhà bị thả rông đuổi cắn làm chị T ngã xe, gây hư hỏng xe máy và chấn thương. Chị T yêu cầu bồi thường",6,ALQAC2026_public_test.json
case_4101,PARTIAL_A_WIN,3,Bộ luật Dân sự năm 2015,Điều 590,Bộ luật Dân sự năm 2015 | Điều 590,"Chị Lê Thị T khởi kiện anh Chử Lương D và chị Đỗ Thị Thanh T về tranh chấp bồi thường thiệt hại ngoài hợp đồng do chó nhà bị thả rông đuổi cắn làm chị T ngã xe, gây hư hỏng xe máy và chấn thương. Chị T yêu cầu bồi thường",6,ALQAC2026_public_test.json
case_4101,PARTIAL_A_WIN,4,Bộ luật Dân sự năm 2015,Điều 603,Bộ luật Dân sự năm 2015 | Điều 603,"Chị Lê Thị T khởi kiện anh Chử Lương D và chị Đỗ Thị Thanh T về tranh chấp bồi thường thiệt hại ngoài hợp đồng do chó nhà bị thả rông đuổi cắn làm chị T ngã xe, gây hư hỏng xe máy và chấn thương. Chị T yêu cầu bồi thường",6,ALQAC2026_public_test.json
case_4101,PARTIAL_A_WIN,5,Bộ luật Tố tụng dân sự,Điều 157,Bộ luật Tố tụng dân sự | Điều 157,"Chị Lê Thị T khởi kiện anh Chử Lương D và chị Đỗ Thị Thanh T về tranh chấp bồi thường thiệt hại ngoài hợp đồng do chó nhà bị thả rông đuổi cắn làm chị T ngã xe, gây hư hỏng xe máy và chấn thương. Chị T yêu cầu bồi thường",6,ALQAC2026_public_test.json
case_4101,PARTIAL_A_WIN,6,Bộ luật Tố tụng dân sự,Điều 158,Bộ luật Tố tụng dân sự | Điều 158,"Chị Lê Thị T khởi kiện anh Chử Lương D và chị Đỗ Thị Thanh T về tranh chấp bồi thường thiệt hại ngoài hợp đồng do chó nhà bị thả rông đuổi cắn làm chị T ngã xe, gây hư hỏng xe máy và chấn thương. Chị T yêu cầu bồi thường",6,ALQAC2026_public_test.json
case_4337,A_WIN,1,Bộ luật tố tụng Dân sự,Điều 308,Bộ luật tố tụng Dân sự | Điều 308,"Bà Tô Thị O và bà Tô Thị K tranh chấp quyền sử dụng đất và quyền sở hữu nhà đối với diện tích 207,7m2 thuộc thửa 414, tờ bản đồ số 3. Bà O yêu cầu hủy giấy chứng nhận quyền sử dụng đất đứng tên bà K và buộc bà K trả nhà",7,ALQAC2026_public_test.json
case_4337,A_WIN,2,Bộ luật Dân sự 1995,Điều 131,Bộ luật Dân sự 1995 | Điều 131,"Bà Tô Thị O và bà Tô Thị K tranh chấp quyền sử dụng đất và quyền sở hữu nhà đối với diện tích 207,7m2 thuộc thửa 414, tờ bản đồ số 3. Bà O yêu cầu hủy giấy chứng nhận quyền sử dụng đất đứng tên bà K và buộc bà K trả nhà",7,ALQAC2026_public_test.json
case_4337,A_WIN,3,Bộ luật Dân sự 1995,Điều 173,Bộ luật Dân sự 1995| Điều 173,"Bà Tô Thị O và bà Tô Thị K tranh chấp quyền sử dụng đất và quyền sở hữu nhà đối với diện tích 207,7m2 thuộc thửa 414, tờ bản đồ số 3. Bà O yêu cầu hủy giấy chứng nhận quyền sử dụng đất đứng tên bà K và buộc bà K trả nhà",7,ALQAC2026_public_test.json
case_4337,A_WIN,4,Bộ luật Dân sự 1995,Điều 421,Bộ luật Dân sự 1995 | Điều 421,"Bà Tô Thị O và bà Tô Thị K tranh chấp quyền sử dụng đất và quyền sở hữu nhà đối với diện tích 207,7m2 thuộc thửa 414, tờ bản đồ số 3. Bà O yêu cầu hủy giấy chứng nhận quyền sử dụng đất đứng tên bà K và buộc bà K trả nhà",7,ALQAC2026_public_test.json
case_4337,A_WIN,5,Bộ luật Dân sự 2005,Điều 197,Bộ luật Dân sự 2005 | Điều 197,"Bà Tô Thị O và bà Tô Thị K tranh chấp quyền sử dụng đất và quyền sở hữu nhà đối với diện tích 207,7m2 thuộc thửa 414, tờ bản đồ số 3. Bà O yêu cầu hủy giấy chứng nhận quyền sử dụng đất đứng tên bà K và buộc bà K trả nhà",7,ALQAC2026_public_test.json
case_4337,A_WIN,6,Bộ luật Dân sự 2005,Điều 199,Bộ luật Dân sự 2005 | Điều 199,"Bà Tô Thị O và bà Tô Thị K tranh chấp quyền sử dụng đất và quyền sở hữu nhà đối với diện tích 207,7m2 thuộc thửa 414, tờ bản đồ số 3. Bà O yêu cầu hủy giấy chứng nhận quyền sử dụng đất đứng tên bà K và buộc bà K trả nhà",7,ALQAC2026_public_test.json
case_4337,A_WIN,7,Bộ luật Dân sự 2005,Điều 221,Bộ luật Dân sự 2005 | Điều 221,"Bà Tô Thị O và bà Tô Thị K tranh chấp quyền sử dụng đất và quyền sở hữu nhà đối với diện tích 207,7m2 thuộc thửa 414, tờ bản đồ số 3. Bà O yêu cầu hủy giấy chứng nhận quyền sử dụng đất đứng tên bà K và buộc bà K trả nhà",7,ALQAC2026_public_test.json
case_4588,A_WIN,1,Bộ luật Tố tụng dân sự 2015,Khoản 5 Điều 26,Bộ luật Tố tụng dân sự 2015 | Khoản 5 Điều 26,"Ông NVP và bà NNS tranh chấp về thừa kế, chia di sản và tài sản chung đối với căn nhà 161G BVĐ, Phường 6, Quận 4, TP Hồ Chí Minh; di sản là ½ giá trị căn nhà do cha mẹ để lại chưa chia, có di chúc ngày 22/5/2006. Nguyên",14,ALQAC2026_public_test.json
case_4588,A_WIN,2,Bộ luật Tố tụng dân sự 2015,Khoản 3 Điều 35,Bộ luật Tố tụng dân sự 2015 | Khoản 3 Điều 35,"Ông NVP và bà NNS tranh chấp về thừa kế, chia di sản và tài sản chung đối với căn nhà 161G BVĐ, Phường 6, Quận 4, TP Hồ Chí Minh; di sản là ½ giá trị căn nhà do cha mẹ để lại chưa chia, có di chúc ngày 22/5/2006. Nguyên",14,ALQAC2026_public_test.json
case_4588,A_WIN,3,Bộ luật Tố tụng dân sự 2015,Điểm a Khoản 1 Điều 37,Bộ luật Tố tụng dân sự 2015 | Điểm a Khoản 1 Điều 37,"Ông NVP và bà NNS tranh chấp về thừa kế, chia di sản và tài sản chung đối với căn nhà 161G BVĐ, Phường 6, Quận 4, TP Hồ Chí Minh; di sản là ½ giá trị căn nhà do cha mẹ để lại chưa chia, có di chúc ngày 22/5/2006. Nguyên",14,ALQAC2026_public_test.json
case_4588,A_WIN,4,Bộ luật Tố tụng dân sự 2015,Điểm c Khoản 1 Điều 39,Bộ luật Tố tụng dân sự 2015 | Điểm c Khoản 1 Điều 39,"Ông NVP và bà NNS tranh chấp về thừa kế, chia di sản và tài sản chung đối với căn nhà 161G BVĐ, Phường 6, Quận 4, TP Hồ Chí Minh; di sản là ½ giá trị căn nhà do cha mẹ để lại chưa chia, có di chúc ngày 22/5/2006. Nguyên",14,ALQAC2026_public_test.json
case_4588,A_WIN,5,Bộ luật Tố tụng dân sự 2015,Điều 185,Bộ luật Tố tụng dân sự 2015 | Điều 185,"Ông NVP và bà NNS tranh chấp về thừa kế, chia di sản và tài sản chung đối với căn nhà 161G BVĐ, Phường 6, Quận 4, TP Hồ Chí Minh; di sản là ½ giá trị căn nhà do cha mẹ để lại chưa chia, có di chúc ngày 22/5/2006. Nguyên",14,ALQAC2026_public_test.json
case_4588,A_WIN,6,Bộ luật Dân sự 2005,Điều 224,Bộ luật Dân sự 2005 | Điều 224,"Ông NVP và bà NNS tranh chấp về thừa kế, chia di sản và tài sản chung đối với căn nhà 161G BVĐ, Phường 6, Quận 4, TP Hồ Chí Minh; di sản là ½ giá trị căn nhà do cha mẹ để lại chưa chia, có di chúc ngày 22/5/2006. Nguyên",14,ALQAC2026_public_test.json
case_4588,A_WIN,7,Bộ luật Dân sự 2005,Điều 305,Bộ luật Dân sự 2005 | Điều 305,"Ông NVP và bà NNS tranh chấp về thừa kế, chia di sản và tài sản chung đối với căn nhà 161G BVĐ, Phường 6, Quận 4, TP Hồ Chí Minh; di sản là ½ giá trị căn nhà do cha mẹ để lại chưa chia, có di chúc ngày 22/5/2006. Nguyên",14,ALQAC2026_public_test.json
case_4588,A_WIN,8,Bộ luật Dân sự 2005,Điều 631,Bộ luật Dân sự 2005 | Điều 631,"Ông NVP và bà NNS tranh chấp về thừa kế, chia di sản và tài sản chung đối với căn nhà 161G BVĐ, Phường 6, Quận 4, TP Hồ Chí Minh; di sản là ½ giá trị căn nhà do cha mẹ để lại chưa chia, có di chúc ngày 22/5/2006. Nguyên",14,ALQAC2026_public_test.json
case_4588,A_WIN,9,Bộ luật Dân sự 2005,Điều 645,Bộ luật Dân sự 2005 | Điều 645,"Ông NVP và bà NNS tranh chấp về thừa kế, chia di sản và tài sản chung đối với căn nhà 161G BVĐ, Phường 6, Quận 4, TP Hồ Chí Minh; di sản là ½ giá trị căn nhà do cha mẹ để lại chưa chia, có di chúc ngày 22/5/2006. Nguyên",14,ALQAC2026_public_test.json
case_4588,A_WIN,10,Luật Thi hành án dân sự,Điều 2,Luật Thi hành án dân sự | Điều 2,"Ông NVP và bà NNS tranh chấp về thừa kế, chia di sản và tài sản chung đối với căn nhà 161G BVĐ, Phường 6, Quận 4, TP Hồ Chí Minh; di sản là ½ giá trị căn nhà do cha mẹ để lại chưa chia, có di chúc ngày 22/5/2006. Nguyên",14,ALQAC2026_public_test.json
case_4588,A_WIN,11,Luật Thi hành án dân sự,Điều 6,Luật Thi hành án dân sự | Điều 6,"Ông NVP và bà NNS tranh chấp về thừa kế, chia di sản và tài sản chung đối với căn nhà 161G BVĐ, Phường 6, Quận 4, TP Hồ Chí Minh; di sản là ½ giá trị căn nhà do cha mẹ để lại chưa chia, có di chúc ngày 22/5/2006. Nguyên",14,ALQAC2026_public_test.json
case_4588,A_WIN,12,Luật Thi hành án dân sự,Điều 7,Luật Thi hành án dân sự | Điều 7,"Ông NVP và bà NNS tranh chấp về thừa kế, chia di sản và tài sản chung đối với căn nhà 161G BVĐ, Phường 6, Quận 4, TP Hồ Chí Minh; di sản là ½ giá trị căn nhà do cha mẹ để lại chưa chia, có di chúc ngày 22/5/2006. Nguyên",14,ALQAC2026_public_test.json
case_4588,A_WIN,13,Luật Thi hành án dân sự,Điều 9,Luật Thi hành án dân sự | Điều 9,"Ông NVP và bà NNS tranh chấp về thừa kế, chia di sản và tài sản chung đối với căn nhà 161G BVĐ, Phường 6, Quận 4, TP Hồ Chí Minh; di sản là ½ giá trị căn nhà do cha mẹ để lại chưa chia, có di chúc ngày 22/5/2006. Nguyên",14,ALQAC2026_public_test.json
case_4588,A_WIN,14,Luật Thi hành án dân sự,Điều 30,Luật Thi hành án dân sự | Điều 30,"Ông NVP và bà NNS tranh chấp về thừa kế, chia di sản và tài sản chung đối với căn nhà 161G BVĐ, Phường 6, Quận 4, TP Hồ Chí Minh; di sản là ½ giá trị căn nhà do cha mẹ để lại chưa chia, có di chúc ngày 22/5/2006. Nguyên",14,ALQAC2026_public_test.json
case_4616,A_WIN,1,Bộ luật Tố tụng dân sự 2015,"Điều 30 Khoản 1, Điều 35, Điều 37, Điều 39 khoản 1, Điều 133, Điều 137, Điều 138, Điều 147, Điều 2, Điều 244, Điều 469, Điều 474","Bộ luật Tố tụng dân sự 2015 | Điều 30 Khoản 1, Điều 35, Điều 37, Điều 39 khoản 1, Điều 133, Điều 137, Điều 138, Điều 147, Điều 2, Điều 244, Điều 469, Điều 474","Ngân hàng B khởi kiện Công ty TNHH Thương mại và Xuất nhập khẩu H tranh chấp hợp đồng tín dụng; đồng thời yêu cầu Công ty TNHH Đầu tư K và ông Lam Wing C thực hiện nghĩa vụ bảo lãnh, thế chấp. Ngân hàng đòi khoản nợ gốc,",2,ALQAC2026_public_test.json
case_4616,A_WIN,2,Bộ Luật dân sự 2005,"Điều 122, Điều 124, Điều 323, Điều 351 khoản 7, Điều 355, Điều 369, Điều 474 khoản 1","Bộ Luật dân sự 2005 | Điều 122, Điều 124, Điều 323, Điều 351 khoản 7, Điều 355, Điều 369, Điều 474 khoản 1","Ngân hàng B khởi kiện Công ty TNHH Thương mại và Xuất nhập khẩu H tranh chấp hợp đồng tín dụng; đồng thời yêu cầu Công ty TNHH Đầu tư K và ông Lam Wing C thực hiện nghĩa vụ bảo lãnh, thế chấp. Ngân hàng đòi khoản nợ gốc,",2,ALQAC2026_public_test.json
case_6616,A_WIN,1,Bộ luật Tố tụng dân sự năm 2015,"Điều 26 khoản 5, Điều 35 khoản 1, Điều 39 khoản 1, Điều 91 khoản 2, 4, Điều 92, Điều 147, Điều 157 khoản 1, Điều 227, Điều 229, Điều 273","Bộ luật Tố tụng dân sự năm 2015 | Điều 26 khoản 5, Điều 35 khoản 1, Điều 39 khoản 1, Điều 91 khoản 2, 4, Điều 92, Điều 147, Điều 157 khoản 1, Điều 227, Điều 229, Điều 273","Ông Nguyễn Văn H kiện cụ Trần Thị Đ và các đồng thừa kế về tranh chấp thừa kế theo pháp luật. Di sản gồm quyền sử dụng đất ở tại thửa 20, thửa 107 (tờ bản đồ số 4) và số tiền Nhà nước bồi thường, lãi phát sinh từ việc th",8,ALQAC2026_public_test.json
case_6616,A_WIN,2,Bộ luật Dân sự năm 2015,"Điều 9, Điều 46, Điều 57, Điều 58, Điều 155 khoản 3, Điều 213, Điều 623 khoản 1, Điều 649, Điều 650 khoản 1, Điều 651 khoản 1, Điều 660 khoản 2","Bộ luật Dân sự năm 2015 | Điều 9, Điều 46, Điều 57, Điều 58, Điều 155 khoản 3, Điều 213, Điều 623 khoản 1, Điều 649, Điều 650 khoản 1, Điều 651 khoản 1, Điều 660 khoản 2","Ông Nguyễn Văn H kiện cụ Trần Thị Đ và các đồng thừa kế về tranh chấp thừa kế theo pháp luật. Di sản gồm quyền sử dụng đất ở tại thửa 20, thửa 107 (tờ bản đồ số 4) và số tiền Nhà nước bồi thường, lãi phát sinh từ việc th",8,ALQAC2026_public_test.json
case_6616,A_WIN,3,Luật Hôn nhân và gia đình năm 2014,"Điều 33, Điều 66","Luật Hôn nhân và gia đình năm 2014 | Điều 33, Điều 66","Ông Nguyễn Văn H kiện cụ Trần Thị Đ và các đồng thừa kế về tranh chấp thừa kế theo pháp luật. Di sản gồm quyền sử dụng đất ở tại thửa 20, thửa 107 (tờ bản đồ số 4) và số tiền Nhà nước bồi thường, lãi phát sinh từ việc th",8,ALQAC2026_public_test.json
case_6616,A_WIN,4,Luật Hộ tịch,Điều 21,Luật Hộ tịch | Điều 21,"Ông Nguyễn Văn H kiện cụ Trần Thị Đ và các đồng thừa kế về tranh chấp thừa kế theo pháp luật. Di sản gồm quyền sử dụng đất ở tại thửa 20, thửa 107 (tờ bản đồ số 4) và số tiền Nhà nước bồi thường, lãi phát sinh từ việc th",8,ALQAC2026_public_test.json
case_6616,A_WIN,5,Luật Đất đai năm 1987,Điều 1,Luật Đất đai năm 1987 | Điều 1,"Ông Nguyễn Văn H kiện cụ Trần Thị Đ và các đồng thừa kế về tranh chấp thừa kế theo pháp luật. Di sản gồm quyền sử dụng đất ở tại thửa 20, thửa 107 (tờ bản đồ số 4) và số tiền Nhà nước bồi thường, lãi phát sinh từ việc th",8,ALQAC2026_public_test.json
case_6616,A_WIN,6,Luật đất đai năm 2013,Điều 100,Luật đất đai năm 2013 | Điều 100,"Ông Nguyễn Văn H kiện cụ Trần Thị Đ và các đồng thừa kế về tranh chấp thừa kế theo pháp luật. Di sản gồm quyền sử dụng đất ở tại thửa 20, thửa 107 (tờ bản đồ số 4) và số tiền Nhà nước bồi thường, lãi phát sinh từ việc th",8,ALQAC2026_public_test.json
case_6616,A_WIN,7,Nghị quyết số 326/2016/UBTVQH14,"Điều 12, Điều 27","Nghị quyết số 326/2016/UBTVQH14 | Điều 12, Điều 27","Ông Nguyễn Văn H kiện cụ Trần Thị Đ và các đồng thừa kế về tranh chấp thừa kế theo pháp luật. Di sản gồm quyền sử dụng đất ở tại thửa 20, thửa 107 (tờ bản đồ số 4) và số tiền Nhà nước bồi thường, lãi phát sinh từ việc th",8,ALQAC2026_public_test.json
case_6616,A_WIN,8,Án lệ số 06/2016/AL,Quyết định số 220/QĐ-CA ngày 06 tháng 04 năm 2016,Án lệ số 06/2016/AL | Quyết định số 220/QĐ-CA ngày 06 tháng 04 năm 2016,"Ông Nguyễn Văn H kiện cụ Trần Thị Đ và các đồng thừa kế về tranh chấp thừa kế theo pháp luật. Di sản gồm quyền sử dụng đất ở tại thửa 20, thửa 107 (tờ bản đồ số 4) và số tiền Nhà nước bồi thường, lãi phát sinh từ việc th",8,ALQAC2026_public_test.json
case_5226,A_WIN,1,Bộ luật Tố tụng Dân sự,"Điều 26, Điều 35, Điều 147, Điều 227","Bộ luật Tố tụng Dân sự | Điều 26, Điều 35, Điều 147, Điều 227","Ngân hàng B khởi kiện anh Nguyễn Văn T về tranh chấp hợp đồng tín dụng và yêu cầu thực hiện nghĩa vụ trả nợ. Khoản vay được bảo đảm bằng hợp đồng thế chấp quyền sử dụng đất và tài sản gắn liền trên đất của thửa 613, tờ b",2,ALQAC2026_public_test.json
case_5226,A_WIN,2,Bộ luật Dân sự năm 2015,"Điều 116, Điều 117, Điều 136, Điều 317, Điều 318, Điều 319, Điều 320, Điều 323, Điều 299, Điều 466, Điều 688","Bộ luật Dân sự năm 2015 | Điều 116, Điều 117, Điều 136, Điều 317, Điều 318, Điều 319, Điều 320, Điều 323, Điều 299, Điều 466, Điều 688","Ngân hàng B khởi kiện anh Nguyễn Văn T về tranh chấp hợp đồng tín dụng và yêu cầu thực hiện nghĩa vụ trả nợ. Khoản vay được bảo đảm bằng hợp đồng thế chấp quyền sử dụng đất và tài sản gắn liền trên đất của thửa 613, tờ b",2,ALQAC2026_public_test.json
case_6284,A_WIN,1,Luật Đất đai năm 2013,"Điều 166, Điều 167, Điều 169, Điều 188","Luật Đất đai năm 2013 | Điều 166, Điều 167, Điều 169, Điều 188","Ông Trần Quang H kiện ông Bùi Văn T và bà Phạm Thị P về tranh chấp hợp đồng chuyển nhượng quyền sử dụng đất (hợp đồng công chứng số 728A lập ngày 08/12/2011) liên quan hai thửa 599 và 584, tờ bản đồ 9. Ông H yêu cầu tiếp",4,ALQAC2026_public_test.json
case_6284,A_WIN,2,Bộ luật Dân sự năm 2015,"Điều 117, Điều 124, Điều 500, Điều 502","Bộ luật Dân sự năm 2015 | Điều 117, Điều 124, Điều 500, Điều 502","Ông Trần Quang H kiện ông Bùi Văn T và bà Phạm Thị P về tranh chấp hợp đồng chuyển nhượng quyền sử dụng đất (hợp đồng công chứng số 728A lập ngày 08/12/2011) liên quan hai thửa 599 và 584, tờ bản đồ 9. Ông H yêu cầu tiếp",4,ALQAC2026_public_test.json
case_6284,A_WIN,3,Bộ luật Tố tụng dân sự năm 2015,"Điều 26 khoản 3, Điều 26 khoản 11, Điều 35, Điều 39, Điều 227, Điều 228","Bộ luật Tố tụng dân sự năm 2015 | Điều 26 khoản 3, Điều 26 khoản 11, Điều 35, Điều 39, Điều 227, Điều 228","Ông Trần Quang H kiện ông Bùi Văn T và bà Phạm Thị P về tranh chấp hợp đồng chuyển nhượng quyền sử dụng đất (hợp đồng công chứng số 728A lập ngày 08/12/2011) liên quan hai thửa 599 và 584, tờ bản đồ 9. Ông H yêu cầu tiếp",4,ALQAC2026_public_test.json
case_6284,A_WIN,4,Nghị quyết số 326/2016/UBTVQH14,Điều 27 khoản 3,Nghị quyết số 326/2016/UBTVQH14 | Điều 27 khoản 3,"Ông Trần Quang H kiện ông Bùi Văn T và bà Phạm Thị P về tranh chấp hợp đồng chuyển nhượng quyền sử dụng đất (hợp đồng công chứng số 728A lập ngày 08/12/2011) liên quan hai thửa 599 và 584, tờ bản đồ 9. Ông H yêu cầu tiếp",4,ALQAC2026_public_test.json
case_3995,A_WIN,1,Bộ luật Dân sự,"Điều 192, Điều 256, Điều 688","Bộ luật Dân sự | Điều 192, Điều 256, Điều 688","Ông Trần Văn T và bà Đoàn Thị X tranh chấp với ông Nguyễn Văn V và ông Hoàng Gia T về việc các hộ này lấn chiếm diện tích đất rừng tại khu vực Cửa hầm thôn 4L, xã T, huyện H, tỉnh Quảng Bình theo giấy tờ giao/ cấp quyền",2,ALQAC2026_public_test.json
case_3995,A_WIN,2,Luật Đất đai,"Điều 135, Điều 202, Điều 203","Luật Đất đai | Điều 135, Điều 202, Điều 203","Ông Trần Văn T và bà Đoàn Thị X tranh chấp với ông Nguyễn Văn V và ông Hoàng Gia T về việc các hộ này lấn chiếm diện tích đất rừng tại khu vực Cửa hầm thôn 4L, xã T, huyện H, tỉnh Quảng Bình theo giấy tờ giao/ cấp quyền",2,ALQAC2026_public_test.json
case_6384,A_WIN,1,Bộ luật Tố tụng dân sự năm 2015,"Điều 26 khoản 9, Điều 35, Điều 147 khoản 1, Điều 158, Điều 161, Điều 165","Bộ luật Tố tụng dân sự năm 2015 | Điều 26 khoản 9, Điều 35, Điều 147 khoản 1, Điều 158, Điều 161, Điều 165","Ông Hoàng Hồng T và ông Hà Văn B tranh chấp quyền sử dụng đất và cây trồng trên đất lâm nghiệp/đồi Ma Thai, diện tích khoảng 10.083m2. Có Giấy chứng nhận quyền sử dụng đất do Nhà nước cấp cho ông T. Ông T yêu cầu được qu",5,ALQAC2026_public_test.json
case_6384,A_WIN,2,Bộ luật Dân sự năm 2015,"Điều 11, Điều 105, Điều 115, Điều 166, Điều 169, Điều 189","Bộ luật Dân sự năm 2015 | Điều 11, Điều 105, Điều 115, Điều 166, Điều 169, Điều 189","Ông Hoàng Hồng T và ông Hà Văn B tranh chấp quyền sử dụng đất và cây trồng trên đất lâm nghiệp/đồi Ma Thai, diện tích khoảng 10.083m2. Có Giấy chứng nhận quyền sử dụng đất do Nhà nước cấp cho ông T. Ông T yêu cầu được qu",5,ALQAC2026_public_test.json
case_6384,A_WIN,3,Luật Đất đai năm 2003,"Điều 50 khoản 1, Điều 105 khoản 5","Luật Đất đai năm 2003 | Điều 50 khoản 1, Điều 105 khoản 5","Ông Hoàng Hồng T và ông Hà Văn B tranh chấp quyền sử dụng đất và cây trồng trên đất lâm nghiệp/đồi Ma Thai, diện tích khoảng 10.083m2. Có Giấy chứng nhận quyền sử dụng đất do Nhà nước cấp cho ông T. Ông T yêu cầu được qu",5,ALQAC2026_public_test.json
case_6384,A_WIN,4,Luật Đất đai năm 2013,"Điều 100 khoản 1, Điều 203 khoản 1","Luật Đất đai năm 2013 | Điều 100 khoản 1, Điều 203 khoản 1","Ông Hoàng Hồng T và ông Hà Văn B tranh chấp quyền sử dụng đất và cây trồng trên đất lâm nghiệp/đồi Ma Thai, diện tích khoảng 10.083m2. Có Giấy chứng nhận quyền sử dụng đất do Nhà nước cấp cho ông T. Ông T yêu cầu được qu",5,ALQAC2026_public_test.json
case_6384,A_WIN,5,Nghị quyết số 326/2016/UBTVQH14,"Điều 12 khoản 1, Điều 26 khoản 1","Nghị quyết số 326/2016/UBTVQH14 | Điều 12 khoản 1, Điều 26 khoản 1","Ông Hoàng Hồng T và ông Hà Văn B tranh chấp quyền sử dụng đất và cây trồng trên đất lâm nghiệp/đồi Ma Thai, diện tích khoảng 10.083m2. Có Giấy chứng nhận quyền sử dụng đất do Nhà nước cấp cho ông T. Ông T yêu cầu được qu",5,ALQAC2026_public_test.json
case_8219,A_WIN,1,Bộ luật Tố tụng dân sự năm 2015,"Điều 26 khoản 3, Điều 35 khoản 1, Điều 39 khoản 1, Điều 91, Điều 147, Điều 227 khoản 1, Điều 228 khoản 1, Điều 273","Bộ luật Tố tụng dân sự năm 2015 | Điều 26 khoản 3, Điều 35 khoản 1, Điều 39 khoản 1, Điều 91, Điều 147, Điều 227 khoản 1, Điều 228 khoản 1, Điều 273","Bà Nguyễn Thị Bé M khởi kiện bà Nguyễn Thị H tranh chấp hợp đồng vay tài sản, liên quan “Giấy mượn tiền” ngày 03/3/2014, gồm tiền 81.000.000 đồng và 05 phân vàng 9999, cùng chi phí sửa chữa nhà 60.000.000 đồng. Nguyên đơ",4,ALQAC2026_public_test.json
case_8219,A_WIN,2,Bộ luật Dân sự năm 2005,"Điều 471 khoản 1, Điều 474 khoản 1, Điều 474 khoản 4, Điều 492","Bộ luật Dân sự năm 2005 | Điều 471 khoản 1, Điều 474 khoản 1, Điều 474 khoản 4, Điều 492","Bà Nguyễn Thị Bé M khởi kiện bà Nguyễn Thị H tranh chấp hợp đồng vay tài sản, liên quan “Giấy mượn tiền” ngày 03/3/2014, gồm tiền 81.000.000 đồng và 05 phân vàng 9999, cùng chi phí sửa chữa nhà 60.000.000 đồng. Nguyên đơ",4,ALQAC2026_public_test.json
case_8219,A_WIN,3,Bộ luật Dân sự năm 2015,"Điều 357, Điều 468","Bộ luật Dân sự năm 2015 | Điều 357, Điều 468","Bà Nguyễn Thị Bé M khởi kiện bà Nguyễn Thị H tranh chấp hợp đồng vay tài sản, liên quan “Giấy mượn tiền” ngày 03/3/2014, gồm tiền 81.000.000 đồng và 05 phân vàng 9999, cùng chi phí sửa chữa nhà 60.000.000 đồng. Nguyên đơ",4,ALQAC2026_public_test.json
case_8219,A_WIN,4,Nghị quyết số 326/2016/UBTVQH14,"Điều 12 khoản 1, Điều 26 khoản 1","Nghị quyết số 326/2016/UBTVQH14 | Điều 12 khoản 1, Điều 26 khoản 1","Bà Nguyễn Thị Bé M khởi kiện bà Nguyễn Thị H tranh chấp hợp đồng vay tài sản, liên quan “Giấy mượn tiền” ngày 03/3/2014, gồm tiền 81.000.000 đồng và 05 phân vàng 9999, cùng chi phí sửa chữa nhà 60.000.000 đồng. Nguyên đơ",4,ALQAC2026_public_test.json
case_2705,A_WIN,1,Bộ luật Tố tụng dân sự,Điều 147 khoản 1,Bộ luật Tố tụng dân sự | Điều 147 khoản 1,"Ông Nguyễn Hữu B khởi kiện ông Phạm Văn C về tranh chấp hợp đồng dịch vụ ngày 26/7/2013 liên quan đến việc giới thiệu, tuyển dụng và đào tạo con trai ông Đ vào làm tại công ty hàng không. Ông B yêu cầu hủy bỏ giao dịch,",4,ALQAC2026_public_test.json
case_2705,A_WIN,2,Bộ luật Dân sự,"Điều 123, Điều 131, Điều 357, Điều 513, Điều 514","Bộ luật Dân sự | Điều 123, Điều 131, Điều 357, Điều 513, Điều 514","Ông Nguyễn Hữu B khởi kiện ông Phạm Văn C về tranh chấp hợp đồng dịch vụ ngày 26/7/2013 liên quan đến việc giới thiệu, tuyển dụng và đào tạo con trai ông Đ vào làm tại công ty hàng không. Ông B yêu cầu hủy bỏ giao dịch,",4,ALQAC2026_public_test.json
case_2705,A_WIN,3,"Pháp lệnh án phí, lệ phí Tòa án",Điều 27,"Pháp lệnh án phí, lệ phí Tòa án | Điều 27","Ông Nguyễn Hữu B khởi kiện ông Phạm Văn C về tranh chấp hợp đồng dịch vụ ngày 26/7/2013 liên quan đến việc giới thiệu, tuyển dụng và đào tạo con trai ông Đ vào làm tại công ty hàng không. Ông B yêu cầu hủy bỏ giao dịch,",4,ALQAC2026_public_test.json
case_2705,A_WIN,4,Nghị quyết số 326/2016/UBTVQH14,Điều 48 khoản 1,Nghị quyết số 326/2016/UBTVQH14 | Điều 48 khoản 1,"Ông Nguyễn Hữu B khởi kiện ông Phạm Văn C về tranh chấp hợp đồng dịch vụ ngày 26/7/2013 liên quan đến việc giới thiệu, tuyển dụng và đào tạo con trai ông Đ vào làm tại công ty hàng không. Ông B yêu cầu hủy bỏ giao dịch,",4,ALQAC2026_public_test.json
case_3263,A_WIN,1,Bộ luật Tố tụng dân sự,"Điều 228 khoản 1, Điều 244 khoản 2","Bộ luật Tố tụng dân sự | Điều 228 khoản 1, Điều 244 khoản 2","Bà Huỳnh Hồng T khởi kiện vợ chồng ông Phạm Ngọc H và bà Nguyễn Thị Thúy H về tranh chấp tiền hụi (hụi tháng, hụi ngày, hụi chết) và tiền vay; yêu cầu liên đới thanh toán tổng 1.075.000.000 đồng. Agent dự đoán: nguyên đơ",4,ALQAC2026_public_test.json
case_3263,A_WIN,2,Bộ luật Dân sự,"Điều 357, Điều 463, Điều 466, Điều 468, Điều 471","Bộ luật Dân sự | Điều 357, Điều 463, Điều 466, Điều 468, Điều 471","Bà Huỳnh Hồng T khởi kiện vợ chồng ông Phạm Ngọc H và bà Nguyễn Thị Thúy H về tranh chấp tiền hụi (hụi tháng, hụi ngày, hụi chết) và tiền vay; yêu cầu liên đới thanh toán tổng 1.075.000.000 đồng. Agent dự đoán: nguyên đơ",4,ALQAC2026_public_test.json
case_3263,A_WIN,3,Luật Hôn nhân và gia đình,Điều 37 khoản 2,Luật Hôn nhân và gia đình | Điều 37 khoản 2,"Bà Huỳnh Hồng T khởi kiện vợ chồng ông Phạm Ngọc H và bà Nguyễn Thị Thúy H về tranh chấp tiền hụi (hụi tháng, hụi ngày, hụi chết) và tiền vay; yêu cầu liên đới thanh toán tổng 1.075.000.000 đồng. Agent dự đoán: nguyên đơ",4,ALQAC2026_public_test.json
case_3263,A_WIN,4,Nghị quyết số 326/2016/UBTVQH14,Điều 27,Nghị quyết số 326/2016/UBTVQH14 | Điều 27,"Bà Huỳnh Hồng T khởi kiện vợ chồng ông Phạm Ngọc H và bà Nguyễn Thị Thúy H về tranh chấp tiền hụi (hụi tháng, hụi ngày, hụi chết) và tiền vay; yêu cầu liên đới thanh toán tổng 1.075.000.000 đồng. Agent dự đoán: nguyên đơ",4,ALQAC2026_public_test.json
case_9125,A_WIN,1,Bộ luật Tố tụng dân sự,"Điều 26 khoản 9, Điều 34, Điều 147 khoản 1, Điều 157 khoản 1, Điều 165 khoản 1, Điều 228 khoản 1, Điều 228 khoản 2, Điều 273 khoản 1","Bộ luật Tố tụng dân sự | Điều 26 khoản 9, Điều 34, Điều 147 khoản 1, Điều 157 khoản 1, Điều 165 khoản 1, Điều 228 khoản 1, Điều 228 khoản 2, Điều 273 khoản 1","Ông Võ N khởi kiện ông Võ Thanh Q về tranh chấp quyền sử dụng đất 437m2, kèm yêu cầu liên quan giấy chứng nhận quyền sử dụng đất và quyết định cá biệt của cơ quan hành chính. Ông N đề nghị công nhận quyền sử dụng đất, bu",4,ALQAC2026_public_test.json
case_9125,A_WIN,2,Bộ luật Dân sự năm 2015,"Điều 115, Điều 468 khoản 2","Bộ luật Dân sự năm 2015 | Điều 115, Điều 468 khoản 2","Ông Võ N khởi kiện ông Võ Thanh Q về tranh chấp quyền sử dụng đất 437m2, kèm yêu cầu liên quan giấy chứng nhận quyền sử dụng đất và quyết định cá biệt của cơ quan hành chính. Ông N đề nghị công nhận quyền sử dụng đất, bu",4,ALQAC2026_public_test.json
case_9125,A_WIN,3,Luật Đất đai năm 2013,"Điều 26 khoản 5, Điều 203 khoản 1","Luật Đất đai năm 2013 | Điều 26 khoản 5, Điều 203 khoản 1","Ông Võ N khởi kiện ông Võ Thanh Q về tranh chấp quyền sử dụng đất 437m2, kèm yêu cầu liên quan giấy chứng nhận quyền sử dụng đất và quyết định cá biệt của cơ quan hành chính. Ông N đề nghị công nhận quyền sử dụng đất, bu",4,ALQAC2026_public_test.json
case_9125,A_WIN,4,Nghị quyết số 326/2016/UBTVQH14,Điều 12 khoản 1,Nghị quyết số 326/2016/UBTVQH14 | Điều 12 khoản 1,"Ông Võ N khởi kiện ông Võ Thanh Q về tranh chấp quyền sử dụng đất 437m2, kèm yêu cầu liên quan giấy chứng nhận quyền sử dụng đất và quyết định cá biệt của cơ quan hành chính. Ông N đề nghị công nhận quyền sử dụng đất, bu",4,ALQAC2026_public_test.json
case_5658,A_WIN,1,Bộ luật tố tụng dân sự,Điều 30,Bộ luật tố tụng dân sự | Điều 30,"Công ty TNHH MTV V (VA*C) với tư cách nguyên đơn tranh chấp hợp đồng tín dụng và nghĩa vụ trả nợ, kèm quyền phát mãi tài sản thế chấp; bị đơn là ông Phạm Hồng S và bà Bùi Thị Thanh T. Nguyên đơn yêu cầu buộc trả toàn bộ",15,ALQAC2026_public_test.json
case_5658,A_WIN,2,Bộ luật tố tụng dân sự,Điều 35,Bộ luật tố tụng dân sự | Điều 35,"Công ty TNHH MTV V (VA*C) với tư cách nguyên đơn tranh chấp hợp đồng tín dụng và nghĩa vụ trả nợ, kèm quyền phát mãi tài sản thế chấp; bị đơn là ông Phạm Hồng S và bà Bùi Thị Thanh T. Nguyên đơn yêu cầu buộc trả toàn bộ",15,ALQAC2026_public_test.json
case_5658,A_WIN,3,Bộ luật tố tụng dân sự,Điều 144,Bộ luật tố tụng dân sự | Điều 144,"Công ty TNHH MTV V (VA*C) với tư cách nguyên đơn tranh chấp hợp đồng tín dụng và nghĩa vụ trả nợ, kèm quyền phát mãi tài sản thế chấp; bị đơn là ông Phạm Hồng S và bà Bùi Thị Thanh T. Nguyên đơn yêu cầu buộc trả toàn bộ",15,ALQAC2026_public_test.json
case_5658,A_WIN,4,Bộ luật tố tụng dân sự,Điều 147,Bộ luật tố tụng dân sự | Điều 147,"Công ty TNHH MTV V (VA*C) với tư cách nguyên đơn tranh chấp hợp đồng tín dụng và nghĩa vụ trả nợ, kèm quyền phát mãi tài sản thế chấp; bị đơn là ông Phạm Hồng S và bà Bùi Thị Thanh T. Nguyên đơn yêu cầu buộc trả toàn bộ",15,ALQAC2026_public_test.json
case_5658,A_WIN,5,Bộ luật tố tụng dân sự,Điều 227,Bộ luật tố tụng dân sự | Điều 227,"Công ty TNHH MTV V (VA*C) với tư cách nguyên đơn tranh chấp hợp đồng tín dụng và nghĩa vụ trả nợ, kèm quyền phát mãi tài sản thế chấp; bị đơn là ông Phạm Hồng S và bà Bùi Thị Thanh T. Nguyên đơn yêu cầu buộc trả toàn bộ",15,ALQAC2026_public_test.json
case_5658,A_WIN,6,Bộ luật tố tụng dân sự,Điều 228,Bộ luật tố tụng dân sự | Điều 228,"Công ty TNHH MTV V (VA*C) với tư cách nguyên đơn tranh chấp hợp đồng tín dụng và nghĩa vụ trả nợ, kèm quyền phát mãi tài sản thế chấp; bị đơn là ông Phạm Hồng S và bà Bùi Thị Thanh T. Nguyên đơn yêu cầu buộc trả toàn bộ",15,ALQAC2026_public_test.json
case_5658,A_WIN,7,Bộ luật tố tụng dân sự,Điều 271,Bộ luật tố tụng dân sự | Điều 271,"Công ty TNHH MTV V (VA*C) với tư cách nguyên đơn tranh chấp hợp đồng tín dụng và nghĩa vụ trả nợ, kèm quyền phát mãi tài sản thế chấp; bị đơn là ông Phạm Hồng S và bà Bùi Thị Thanh T. Nguyên đơn yêu cầu buộc trả toàn bộ",15,ALQAC2026_public_test.json
case_5658,A_WIN,8,Bộ luật tố tụng dân sự,Điều 273,Bộ luật tố tụng dân sự | Điều 273,"Công ty TNHH MTV V (VA*C) với tư cách nguyên đơn tranh chấp hợp đồng tín dụng và nghĩa vụ trả nợ, kèm quyền phát mãi tài sản thế chấp; bị đơn là ông Phạm Hồng S và bà Bùi Thị Thanh T. Nguyên đơn yêu cầu buộc trả toàn bộ",15,ALQAC2026_public_test.json
case_5658,A_WIN,9,Bộ luật dân sự,Điều 292,Bộ luật dân sự | Điều 292,"Công ty TNHH MTV V (VA*C) với tư cách nguyên đơn tranh chấp hợp đồng tín dụng và nghĩa vụ trả nợ, kèm quyền phát mãi tài sản thế chấp; bị đơn là ông Phạm Hồng S và bà Bùi Thị Thanh T. Nguyên đơn yêu cầu buộc trả toàn bộ",15,ALQAC2026_public_test.json
case_5658,A_WIN,10,Bộ luật dân sự,Điều 342,Bộ luật dân sự | Điều 342,"Công ty TNHH MTV V (VA*C) với tư cách nguyên đơn tranh chấp hợp đồng tín dụng và nghĩa vụ trả nợ, kèm quyền phát mãi tài sản thế chấp; bị đơn là ông Phạm Hồng S và bà Bùi Thị Thanh T. Nguyên đơn yêu cầu buộc trả toàn bộ",15,ALQAC2026_public_test.json
case_5658,A_WIN,11,Bộ luật dân sự,Điều 463,Bộ luật dân sự | Điều 463,"Công ty TNHH MTV V (VA*C) với tư cách nguyên đơn tranh chấp hợp đồng tín dụng và nghĩa vụ trả nợ, kèm quyền phát mãi tài sản thế chấp; bị đơn là ông Phạm Hồng S và bà Bùi Thị Thanh T. Nguyên đơn yêu cầu buộc trả toàn bộ",15,ALQAC2026_public_test.json
case_5658,A_WIN,12,Bộ luật dân sự,Điều 466,Bộ luật dân sự | Điều 466,"Công ty TNHH MTV V (VA*C) với tư cách nguyên đơn tranh chấp hợp đồng tín dụng và nghĩa vụ trả nợ, kèm quyền phát mãi tài sản thế chấp; bị đơn là ông Phạm Hồng S và bà Bùi Thị Thanh T. Nguyên đơn yêu cầu buộc trả toàn bộ",15,ALQAC2026_public_test.json
case_5658,A_WIN,13,Bộ luật dân sự,Điều 468,Bộ luật dân sự | Điều 468,"Công ty TNHH MTV V (VA*C) với tư cách nguyên đơn tranh chấp hợp đồng tín dụng và nghĩa vụ trả nợ, kèm quyền phát mãi tài sản thế chấp; bị đơn là ông Phạm Hồng S và bà Bùi Thị Thanh T. Nguyên đơn yêu cầu buộc trả toàn bộ",15,ALQAC2026_public_test.json
case_5658,A_WIN,14,"Luật các tổ chức tín dụng 2010, sửa đổi bổ sung năm 2017",Điều 91,"Luật các tổ chức tín dụng 2010, sửa đổi bổ sung năm 2017 | Điều 91","Công ty TNHH MTV V (VA*C) với tư cách nguyên đơn tranh chấp hợp đồng tín dụng và nghĩa vụ trả nợ, kèm quyền phát mãi tài sản thế chấp; bị đơn là ông Phạm Hồng S và bà Bùi Thị Thanh T. Nguyên đơn yêu cầu buộc trả toàn bộ",15,ALQAC2026_public_test.json
case_5658,A_WIN,15,"Luật các tổ chức tín dụng 2010, sửa đổi bổ sung năm 2017",Điều 95,"Luật các tổ chức tín dụng 2010, sửa đổi bổ sung năm 2017 | Điều 95","Công ty TNHH MTV V (VA*C) với tư cách nguyên đơn tranh chấp hợp đồng tín dụng và nghĩa vụ trả nợ, kèm quyền phát mãi tài sản thế chấp; bị đơn là ông Phạm Hồng S và bà Bùi Thị Thanh T. Nguyên đơn yêu cầu buộc trả toàn bộ",15,ALQAC2026_public_test.json
case_5045,B_WIN,1,Bộ luật Tố tụng Dân sự,Điều 26,Bộ luật Tố tụng Dân sự | Điều 26,"Ông bà Tô Thị Mộng L, Huỳnh Thanh T, Tô Duy H, Trần Thị Hồng M tranh chấp với ông Nguyễn Liên H1, bà Lê Thị M1 liên quan lối đi chung 3m x 6,49m (19,47m2) thuộc quyền sử dụng đất và giấy chứng nhận đã cấp. Nguyên đơn yêu",13,ALQAC2026_public_test.json
case_5045,B_WIN,2,Bộ luật Tố tụng Dân sự,Điều 34,Bộ luật Tố tụng Dân sự | Điều 34,"Ông bà Tô Thị Mộng L, Huỳnh Thanh T, Tô Duy H, Trần Thị Hồng M tranh chấp với ông Nguyễn Liên H1, bà Lê Thị M1 liên quan lối đi chung 3m x 6,49m (19,47m2) thuộc quyền sử dụng đất và giấy chứng nhận đã cấp. Nguyên đơn yêu",13,ALQAC2026_public_test.json
case_5045,B_WIN,3,Bộ luật Tố tụng Dân sự,Điều 227,Bộ luật Tố tụng Dân sự | Điều 227,"Ông bà Tô Thị Mộng L, Huỳnh Thanh T, Tô Duy H, Trần Thị Hồng M tranh chấp với ông Nguyễn Liên H1, bà Lê Thị M1 liên quan lối đi chung 3m x 6,49m (19,47m2) thuộc quyền sử dụng đất và giấy chứng nhận đã cấp. Nguyên đơn yêu",13,ALQAC2026_public_test.json
case_5045,B_WIN,4,Bộ luật Tố tụng Dân sự,Điều 228,Bộ luật Tố tụng Dân sự | Điều 228,"Ông bà Tô Thị Mộng L, Huỳnh Thanh T, Tô Duy H, Trần Thị Hồng M tranh chấp với ông Nguyễn Liên H1, bà Lê Thị M1 liên quan lối đi chung 3m x 6,49m (19,47m2) thuộc quyền sử dụng đất và giấy chứng nhận đã cấp. Nguyên đơn yêu",13,ALQAC2026_public_test.json
case_5045,B_WIN,5,Bộ luật Tố tụng Dân sự,Điều 273,Bộ luật Tố tụng Dân sự | Điều 273,"Ông bà Tô Thị Mộng L, Huỳnh Thanh T, Tô Duy H, Trần Thị Hồng M tranh chấp với ông Nguyễn Liên H1, bà Lê Thị M1 liên quan lối đi chung 3m x 6,49m (19,47m2) thuộc quyền sử dụng đất và giấy chứng nhận đã cấp. Nguyên đơn yêu",13,ALQAC2026_public_test.json
case_5045,B_WIN,6,Bộ luật Dân sự 2015,Điều 245,Bộ luật Dân sự 2015 | Điều 245,"Ông bà Tô Thị Mộng L, Huỳnh Thanh T, Tô Duy H, Trần Thị Hồng M tranh chấp với ông Nguyễn Liên H1, bà Lê Thị M1 liên quan lối đi chung 3m x 6,49m (19,47m2) thuộc quyền sử dụng đất và giấy chứng nhận đã cấp. Nguyên đơn yêu",13,ALQAC2026_public_test.json
case_5045,B_WIN,7,Bộ luật Dân sự 2015,Điều 254,Bộ luật Dân sự 2015 | Điều 254,"Ông bà Tô Thị Mộng L, Huỳnh Thanh T, Tô Duy H, Trần Thị Hồng M tranh chấp với ông Nguyễn Liên H1, bà Lê Thị M1 liên quan lối đi chung 3m x 6,49m (19,47m2) thuộc quyền sử dụng đất và giấy chứng nhận đã cấp. Nguyên đơn yêu",13,ALQAC2026_public_test.json
case_5045,B_WIN,8,Bộ luật Tố tụng Dân sự,Điều 157,Bộ luật Tố tụng Dân sự | Điều 157,"Ông bà Tô Thị Mộng L, Huỳnh Thanh T, Tô Duy H, Trần Thị Hồng M tranh chấp với ông Nguyễn Liên H1, bà Lê Thị M1 liên quan lối đi chung 3m x 6,49m (19,47m2) thuộc quyền sử dụng đất và giấy chứng nhận đã cấp. Nguyên đơn yêu",13,ALQAC2026_public_test.json
case_5045,B_WIN,9,Bộ luật Tố tụng Dân sự,Điều 158,Bộ luật Tố tụng Dân sự | Điều 158,"Ông bà Tô Thị Mộng L, Huỳnh Thanh T, Tô Duy H, Trần Thị Hồng M tranh chấp với ông Nguyễn Liên H1, bà Lê Thị M1 liên quan lối đi chung 3m x 6,49m (19,47m2) thuộc quyền sử dụng đất và giấy chứng nhận đã cấp. Nguyên đơn yêu",13,ALQAC2026_public_test.json
case_5045,B_WIN,10,Bộ luật Tố tụng Dân sự,Điều 164,Bộ luật Tố tụng Dân sự | Điều 164,"Ông bà Tô Thị Mộng L, Huỳnh Thanh T, Tô Duy H, Trần Thị Hồng M tranh chấp với ông Nguyễn Liên H1, bà Lê Thị M1 liên quan lối đi chung 3m x 6,49m (19,47m2) thuộc quyền sử dụng đất và giấy chứng nhận đã cấp. Nguyên đơn yêu",13,ALQAC2026_public_test.json
case_5045,B_WIN,11,Bộ luật Tố tụng Dân sự,Điều 165,Bộ luật Tố tụng Dân sự | Điều 165,"Ông bà Tô Thị Mộng L, Huỳnh Thanh T, Tô Duy H, Trần Thị Hồng M tranh chấp với ông Nguyễn Liên H1, bà Lê Thị M1 liên quan lối đi chung 3m x 6,49m (19,47m2) thuộc quyền sử dụng đất và giấy chứng nhận đã cấp. Nguyên đơn yêu",13,ALQAC2026_public_test.json
case_5045,B_WIN,12,Bộ luật Tố tụng Dân sự,Điều 166,Bộ luật Tố tụng Dân sự | Điều 166,"Ông bà Tô Thị Mộng L, Huỳnh Thanh T, Tô Duy H, Trần Thị Hồng M tranh chấp với ông Nguyễn Liên H1, bà Lê Thị M1 liên quan lối đi chung 3m x 6,49m (19,47m2) thuộc quyền sử dụng đất và giấy chứng nhận đã cấp. Nguyên đơn yêu",13,ALQAC2026_public_test.json
case_5045,B_WIN,13,Bộ luật Tố tụng Dân sự,Điều 147,Bộ luật Tố tụng Dân sự | Điều 147,"Ông bà Tô Thị Mộng L, Huỳnh Thanh T, Tô Duy H, Trần Thị Hồng M tranh chấp với ông Nguyễn Liên H1, bà Lê Thị M1 liên quan lối đi chung 3m x 6,49m (19,47m2) thuộc quyền sử dụng đất và giấy chứng nhận đã cấp. Nguyên đơn yêu",13,ALQAC2026_public_test.json
case_4920,B_WIN,1,Bộ luật Tố tụng dân sự năm 2015,Điều 26,Bộ luật Tố tụng dân sự năm 2015| Điều 26,Bà Trần Thị Ngọc H khởi kiện Công ty IJC tranh chấp hợp đồng mua bán chuyển nhượng bất động sản/quyền sử dụng đất gồm 03 hợp đồng ngày 30/9/2011 kèm phụ lục. Nguyên đơn yêu cầu tiếp tục thực hiện hợp đồng và buộc bị đơn,17,ALQAC2026_public_test.json
case_4920,B_WIN,2,Bộ luật Tố tụng dân sự năm 2015,Điều 35,Bộ luật Tố tụng dân sự năm 2015| Điều 35,Bà Trần Thị Ngọc H khởi kiện Công ty IJC tranh chấp hợp đồng mua bán chuyển nhượng bất động sản/quyền sử dụng đất gồm 03 hợp đồng ngày 30/9/2011 kèm phụ lục. Nguyên đơn yêu cầu tiếp tục thực hiện hợp đồng và buộc bị đơn,17,ALQAC2026_public_test.json
case_4920,B_WIN,3,Bộ luật Tố tụng dân sự năm 2015,Điều 39,Bộ luật Tố tụng dân sự năm 2015| Điều 39,Bà Trần Thị Ngọc H khởi kiện Công ty IJC tranh chấp hợp đồng mua bán chuyển nhượng bất động sản/quyền sử dụng đất gồm 03 hợp đồng ngày 30/9/2011 kèm phụ lục. Nguyên đơn yêu cầu tiếp tục thực hiện hợp đồng và buộc bị đơn,17,ALQAC2026_public_test.json
case_4920,B_WIN,4,Bộ luật Tố tụng dân sự năm 2015,Điều 147,Bộ luật Tố tụng dân sự năm 2015| Điều 147,Bà Trần Thị Ngọc H khởi kiện Công ty IJC tranh chấp hợp đồng mua bán chuyển nhượng bất động sản/quyền sử dụng đất gồm 03 hợp đồng ngày 30/9/2011 kèm phụ lục. Nguyên đơn yêu cầu tiếp tục thực hiện hợp đồng và buộc bị đơn,17,ALQAC2026_public_test.json
case_4920,B_WIN,5,Bộ luật Tố tụng dân sự năm 2015,Điều 244;,Bộ luật Tố tụng dân sự năm 2015| Điều 244;,Bà Trần Thị Ngọc H khởi kiện Công ty IJC tranh chấp hợp đồng mua bán chuyển nhượng bất động sản/quyền sử dụng đất gồm 03 hợp đồng ngày 30/9/2011 kèm phụ lục. Nguyên đơn yêu cầu tiếp tục thực hiện hợp đồng và buộc bị đơn,17,ALQAC2026_public_test.json
case_4920,B_WIN,6,Bộ luật Tố tụng dân sự năm 2015,Điều 266,Bộ luật Tố tụng dân sự năm 2015| Điều 266,Bà Trần Thị Ngọc H khởi kiện Công ty IJC tranh chấp hợp đồng mua bán chuyển nhượng bất động sản/quyền sử dụng đất gồm 03 hợp đồng ngày 30/9/2011 kèm phụ lục. Nguyên đơn yêu cầu tiếp tục thực hiện hợp đồng và buộc bị đơn,17,ALQAC2026_public_test.json
case_4920,B_WIN,7,Bộ luật Tố tụng dân sự năm 2015,Điều 229,Bộ luật Tố tụng dân sự năm 2015| Điều 229,Bà Trần Thị Ngọc H khởi kiện Công ty IJC tranh chấp hợp đồng mua bán chuyển nhượng bất động sản/quyền sử dụng đất gồm 03 hợp đồng ngày 30/9/2011 kèm phụ lục. Nguyên đơn yêu cầu tiếp tục thực hiện hợp đồng và buộc bị đơn,17,ALQAC2026_public_test.json
case_4920,B_WIN,8,Bộ luật Dân sự năm 2005,Điều 122,Bộ luật Dân sự năm 2005| Điều 122,Bà Trần Thị Ngọc H khởi kiện Công ty IJC tranh chấp hợp đồng mua bán chuyển nhượng bất động sản/quyền sử dụng đất gồm 03 hợp đồng ngày 30/9/2011 kèm phụ lục. Nguyên đơn yêu cầu tiếp tục thực hiện hợp đồng và buộc bị đơn,17,ALQAC2026_public_test.json
case_4920,B_WIN,9,Bộ luật Dân sự năm 2005,Điều 124,Bộ luật Dân sự năm 2005| Điều 124,Bà Trần Thị Ngọc H khởi kiện Công ty IJC tranh chấp hợp đồng mua bán chuyển nhượng bất động sản/quyền sử dụng đất gồm 03 hợp đồng ngày 30/9/2011 kèm phụ lục. Nguyên đơn yêu cầu tiếp tục thực hiện hợp đồng và buộc bị đơn,17,ALQAC2026_public_test.json
case_4920,B_WIN,10,Bộ luật Dân sự năm 2005,Điều 134,Bộ luật Dân sự năm 2005| Điều 134,Bà Trần Thị Ngọc H khởi kiện Công ty IJC tranh chấp hợp đồng mua bán chuyển nhượng bất động sản/quyền sử dụng đất gồm 03 hợp đồng ngày 30/9/2011 kèm phụ lục. Nguyên đơn yêu cầu tiếp tục thực hiện hợp đồng và buộc bị đơn,17,ALQAC2026_public_test.json
case_4920,B_WIN,11,Bộ luật Dân sự năm 2005,Điều 137,Bộ luật Dân sự năm 2005| Điều 137,Bà Trần Thị Ngọc H khởi kiện Công ty IJC tranh chấp hợp đồng mua bán chuyển nhượng bất động sản/quyền sử dụng đất gồm 03 hợp đồng ngày 30/9/2011 kèm phụ lục. Nguyên đơn yêu cầu tiếp tục thực hiện hợp đồng và buộc bị đơn,17,ALQAC2026_public_test.json
case_4920,B_WIN,12,Bộ luật Dân sự năm 2005,Điều 401,Bộ luật Dân sự năm 2005| Điều 401,Bà Trần Thị Ngọc H khởi kiện Công ty IJC tranh chấp hợp đồng mua bán chuyển nhượng bất động sản/quyền sử dụng đất gồm 03 hợp đồng ngày 30/9/2011 kèm phụ lục. Nguyên đơn yêu cầu tiếp tục thực hiện hợp đồng và buộc bị đơn,17,ALQAC2026_public_test.json
case_4920,B_WIN,13,Bộ luật Dân sự năm 2005,Điều 422,Bộ luật Dân sự năm 2005| Điều 422,Bà Trần Thị Ngọc H khởi kiện Công ty IJC tranh chấp hợp đồng mua bán chuyển nhượng bất động sản/quyền sử dụng đất gồm 03 hợp đồng ngày 30/9/2011 kèm phụ lục. Nguyên đơn yêu cầu tiếp tục thực hiện hợp đồng và buộc bị đơn,17,ALQAC2026_public_test.json
case_4920,B_WIN,14,Bộ luật Dân sự năm 2005,Điều 689,Bộ luật Dân sự năm 2005| Điều 689,Bà Trần Thị Ngọc H khởi kiện Công ty IJC tranh chấp hợp đồng mua bán chuyển nhượng bất động sản/quyền sử dụng đất gồm 03 hợp đồng ngày 30/9/2011 kèm phụ lục. Nguyên đơn yêu cầu tiếp tục thực hiện hợp đồng và buộc bị đơn,17,ALQAC2026_public_test.json
case_4920,B_WIN,15,Luật Đất đai năm 2003,Điều 106,Luật Đất đai năm 2003| Điều 106,Bà Trần Thị Ngọc H khởi kiện Công ty IJC tranh chấp hợp đồng mua bán chuyển nhượng bất động sản/quyền sử dụng đất gồm 03 hợp đồng ngày 30/9/2011 kèm phụ lục. Nguyên đơn yêu cầu tiếp tục thực hiện hợp đồng và buộc bị đơn,17,ALQAC2026_public_test.json
case_4920,B_WIN,16,Luật Đất đai năm 2003,Điều 127,Luật Đất đai năm 2003| Điều 127,Bà Trần Thị Ngọc H khởi kiện Công ty IJC tranh chấp hợp đồng mua bán chuyển nhượng bất động sản/quyền sử dụng đất gồm 03 hợp đồng ngày 30/9/2011 kèm phụ lục. Nguyên đơn yêu cầu tiếp tục thực hiện hợp đồng và buộc bị đơn,17,ALQAC2026_public_test.json
case_4920,B_WIN,17,Luật Kinh doanh Bất động sản năm 2006,Điều 39,Luật Kinh doanh Bất động sản năm 2006| Điều 39,Bà Trần Thị Ngọc H khởi kiện Công ty IJC tranh chấp hợp đồng mua bán chuyển nhượng bất động sản/quyền sử dụng đất gồm 03 hợp đồng ngày 30/9/2011 kèm phụ lục. Nguyên đơn yêu cầu tiếp tục thực hiện hợp đồng và buộc bị đơn,17,ALQAC2026_public_test.json
case_8758,B_WIN,1,Luật đất đai năm 2013,Điều 95,Luật đất đai năm 2013 | Điều 95,"Bà Diêm Thị V (ông Nguyễn Thái A đại diện) tranh chấp với chị Nguyễn Thị N và các con của bà T (anh Nguyễn Hoàng C, chị Nguyễn Thị T, anh Nguyễn Văn K) về phần đất làm lối đi khoảng 42m² thuộc thửa đất 83, tờ bản đồ 28,",22,ALQAC2026_public_test.json
case_8758,B_WIN,2,Luật đất đai năm 2013,Điều 166,Luật đất đai năm 2013 | Điều 166,"Bà Diêm Thị V (ông Nguyễn Thái A đại diện) tranh chấp với chị Nguyễn Thị N và các con của bà T (anh Nguyễn Hoàng C, chị Nguyễn Thị T, anh Nguyễn Văn K) về phần đất làm lối đi khoảng 42m² thuộc thửa đất 83, tờ bản đồ 28,",22,ALQAC2026_public_test.json
case_8758,B_WIN,3,Luật đất đai năm 2013,Điều 170,Luật đất đai năm 2013 | Điều 170,"Bà Diêm Thị V (ông Nguyễn Thái A đại diện) tranh chấp với chị Nguyễn Thị N và các con của bà T (anh Nguyễn Hoàng C, chị Nguyễn Thị T, anh Nguyễn Văn K) về phần đất làm lối đi khoảng 42m² thuộc thửa đất 83, tờ bản đồ 28,",22,ALQAC2026_public_test.json
case_8758,B_WIN,4,Luật đất đai năm 2013,Điều 171,Luật đất đai năm 2013 | Điều 171,"Bà Diêm Thị V (ông Nguyễn Thái A đại diện) tranh chấp với chị Nguyễn Thị N và các con của bà T (anh Nguyễn Hoàng C, chị Nguyễn Thị T, anh Nguyễn Văn K) về phần đất làm lối đi khoảng 42m² thuộc thửa đất 83, tờ bản đồ 28,",22,ALQAC2026_public_test.json
case_8758,B_WIN,5,Luật đất đai năm 2013,Điều 202,Luật đất đai năm 2013 | Điều 202,"Bà Diêm Thị V (ông Nguyễn Thái A đại diện) tranh chấp với chị Nguyễn Thị N và các con của bà T (anh Nguyễn Hoàng C, chị Nguyễn Thị T, anh Nguyễn Văn K) về phần đất làm lối đi khoảng 42m² thuộc thửa đất 83, tờ bản đồ 28,",22,ALQAC2026_public_test.json
case_8758,B_WIN,6,Luật đất đai năm 2013,Điều 203,Luật đất đai năm 2013 | Điều 203,"Bà Diêm Thị V (ông Nguyễn Thái A đại diện) tranh chấp với chị Nguyễn Thị N và các con của bà T (anh Nguyễn Hoàng C, chị Nguyễn Thị T, anh Nguyễn Văn K) về phần đất làm lối đi khoảng 42m² thuộc thửa đất 83, tờ bản đồ 28,",22,ALQAC2026_public_test.json
case_8758,B_WIN,7,Bộ luật dân sự,Điều 254,Bộ luật dân sự | Điều 254,"Bà Diêm Thị V (ông Nguyễn Thái A đại diện) tranh chấp với chị Nguyễn Thị N và các con của bà T (anh Nguyễn Hoàng C, chị Nguyễn Thị T, anh Nguyễn Văn K) về phần đất làm lối đi khoảng 42m² thuộc thửa đất 83, tờ bản đồ 28,",22,ALQAC2026_public_test.json
case_8758,B_WIN,8,Bộ luật dân sự,Điều 257,Bộ luật dân sự | Điều 257,"Bà Diêm Thị V (ông Nguyễn Thái A đại diện) tranh chấp với chị Nguyễn Thị N và các con của bà T (anh Nguyễn Hoàng C, chị Nguyễn Thị T, anh Nguyễn Văn K) về phần đất làm lối đi khoảng 42m² thuộc thửa đất 83, tờ bản đồ 28,",22,ALQAC2026_public_test.json
case_8758,B_WIN,9,Bộ luật dân sự,Điều 265,Bộ luật dân sự | Điều 265,"Bà Diêm Thị V (ông Nguyễn Thái A đại diện) tranh chấp với chị Nguyễn Thị N và các con của bà T (anh Nguyễn Hoàng C, chị Nguyễn Thị T, anh Nguyễn Văn K) về phần đất làm lối đi khoảng 42m² thuộc thửa đất 83, tờ bản đồ 28,",22,ALQAC2026_public_test.json
case_8758,B_WIN,10,Bộ luật dân sự,Điều 266,Bộ luật dân sự | Điều 266,"Bà Diêm Thị V (ông Nguyễn Thái A đại diện) tranh chấp với chị Nguyễn Thị N và các con của bà T (anh Nguyễn Hoàng C, chị Nguyễn Thị T, anh Nguyễn Văn K) về phần đất làm lối đi khoảng 42m² thuộc thửa đất 83, tờ bản đồ 28,",22,ALQAC2026_public_test.json
case_8758,B_WIN,11,Bộ luật Tố tụng dân sự,Điều 26,Bộ luật Tố tụng dân sự | Điều 26,"Bà Diêm Thị V (ông Nguyễn Thái A đại diện) tranh chấp với chị Nguyễn Thị N và các con của bà T (anh Nguyễn Hoàng C, chị Nguyễn Thị T, anh Nguyễn Văn K) về phần đất làm lối đi khoảng 42m² thuộc thửa đất 83, tờ bản đồ 28,",22,ALQAC2026_public_test.json
case_8758,B_WIN,12,Bộ luật Tố tụng dân sự,Điều 35,Bộ luật Tố tụng dân sự | Điều 35,"Bà Diêm Thị V (ông Nguyễn Thái A đại diện) tranh chấp với chị Nguyễn Thị N và các con của bà T (anh Nguyễn Hoàng C, chị Nguyễn Thị T, anh Nguyễn Văn K) về phần đất làm lối đi khoảng 42m² thuộc thửa đất 83, tờ bản đồ 28,",22,ALQAC2026_public_test.json
case_8758,B_WIN,13,Bộ luật Tố tụng dân sự,Điều 144,Bộ luật Tố tụng dân sự | Điều 144,"Bà Diêm Thị V (ông Nguyễn Thái A đại diện) tranh chấp với chị Nguyễn Thị N và các con của bà T (anh Nguyễn Hoàng C, chị Nguyễn Thị T, anh Nguyễn Văn K) về phần đất làm lối đi khoảng 42m² thuộc thửa đất 83, tờ bản đồ 28,",22,ALQAC2026_public_test.json
case_8758,B_WIN,14,Bộ luật Tố tụng dân sự,Điều 147,Bộ luật Tố tụng dân sự | Điều 147,"Bà Diêm Thị V (ông Nguyễn Thái A đại diện) tranh chấp với chị Nguyễn Thị N và các con của bà T (anh Nguyễn Hoàng C, chị Nguyễn Thị T, anh Nguyễn Văn K) về phần đất làm lối đi khoảng 42m² thuộc thửa đất 83, tờ bản đồ 28,",22,ALQAC2026_public_test.json
case_8758,B_WIN,15,Bộ luật Tố tụng dân sự,Điều 155,Bộ luật Tố tụng dân sự | Điều 155,"Bà Diêm Thị V (ông Nguyễn Thái A đại diện) tranh chấp với chị Nguyễn Thị N và các con của bà T (anh Nguyễn Hoàng C, chị Nguyễn Thị T, anh Nguyễn Văn K) về phần đất làm lối đi khoảng 42m² thuộc thửa đất 83, tờ bản đồ 28,",22,ALQAC2026_public_test.json
case_8758,B_WIN,16,Bộ luật Tố tụng dân sự,Điều 157,Bộ luật Tố tụng dân sự | Điều 157,"Bà Diêm Thị V (ông Nguyễn Thái A đại diện) tranh chấp với chị Nguyễn Thị N và các con của bà T (anh Nguyễn Hoàng C, chị Nguyễn Thị T, anh Nguyễn Văn K) về phần đất làm lối đi khoảng 42m² thuộc thửa đất 83, tờ bản đồ 28,",22,ALQAC2026_public_test.json
case_8758,B_WIN,17,Bộ luật Tố tụng dân sự,Điều 158,Bộ luật Tố tụng dân sự | Điều 158,"Bà Diêm Thị V (ông Nguyễn Thái A đại diện) tranh chấp với chị Nguyễn Thị N và các con của bà T (anh Nguyễn Hoàng C, chị Nguyễn Thị T, anh Nguyễn Văn K) về phần đất làm lối đi khoảng 42m² thuộc thửa đất 83, tờ bản đồ 28,",22,ALQAC2026_public_test.json
case_8758,B_WIN,18,Bộ luật Tố tụng dân sự,Điều 163,Bộ luật Tố tụng dân sự | Điều 163,"Bà Diêm Thị V (ông Nguyễn Thái A đại diện) tranh chấp với chị Nguyễn Thị N và các con của bà T (anh Nguyễn Hoàng C, chị Nguyễn Thị T, anh Nguyễn Văn K) về phần đất làm lối đi khoảng 42m² thuộc thửa đất 83, tờ bản đồ 28,",22,ALQAC2026_public_test.json
case_8758,B_WIN,19,Bộ luật Tố tụng dân sự,Điều 165,Bộ luật Tố tụng dân sự | Điều 165,"Bà Diêm Thị V (ông Nguyễn Thái A đại diện) tranh chấp với chị Nguyễn Thị N và các con của bà T (anh Nguyễn Hoàng C, chị Nguyễn Thị T, anh Nguyễn Văn K) về phần đất làm lối đi khoảng 42m² thuộc thửa đất 83, tờ bản đồ 28,",22,ALQAC2026_public_test.json
case_8758,B_WIN,20,Bộ luật Tố tụng dân sự,Điều 166,Bộ luật Tố tụng dân sự | Điều 166,"Bà Diêm Thị V (ông Nguyễn Thái A đại diện) tranh chấp với chị Nguyễn Thị N và các con của bà T (anh Nguyễn Hoàng C, chị Nguyễn Thị T, anh Nguyễn Văn K) về phần đất làm lối đi khoảng 42m² thuộc thửa đất 83, tờ bản đồ 28,",22,ALQAC2026_public_test.json
case_8758,B_WIN,21,Bộ luật Tố tụng dân sự,Điều 217,Bộ luật Tố tụng dân sự | Điều 217,"Bà Diêm Thị V (ông Nguyễn Thái A đại diện) tranh chấp với chị Nguyễn Thị N và các con của bà T (anh Nguyễn Hoàng C, chị Nguyễn Thị T, anh Nguyễn Văn K) về phần đất làm lối đi khoảng 42m² thuộc thửa đất 83, tờ bản đồ 28,",22,ALQAC2026_public_test.json
case_8758,B_WIN,22,Bộ luật Tố tụng dân sự,Điều 273,Bộ luật Tố tụng dân sự | Điều 273,"Bà Diêm Thị V (ông Nguyễn Thái A đại diện) tranh chấp với chị Nguyễn Thị N và các con của bà T (anh Nguyễn Hoàng C, chị Nguyễn Thị T, anh Nguyễn Văn K) về phần đất làm lối đi khoảng 42m² thuộc thửa đất 83, tờ bản đồ 28,",22,ALQAC2026_public_test.json
case_9089,B_WIN,1,Bộ luật tố tụng dân sự năm 2015,Điều 4,Bộ luật tố tụng dân sự năm 2015 | Điều 4,"Ông Huỳnh Trọng K và bà Nguyễn Thị L tranh chấp quyền sử dụng đất với bà Huỳnh Thị L1 và bà Lê Thị M liên quan thửa đất 475/476 tại phường B, quận C, TP Cần Thơ (giấy CNQSD đất đã cấp đổi). Nguyên đơn yêu cầu buộc bị đơn",13,ALQAC2026_public_test.json
case_9089,B_WIN,2,Bộ luật tố tụng dân sự năm 2015,Điều 26,Bộ luật tố tụng dân sự năm 2015 | Điều 26,"Ông Huỳnh Trọng K và bà Nguyễn Thị L tranh chấp quyền sử dụng đất với bà Huỳnh Thị L1 và bà Lê Thị M liên quan thửa đất 475/476 tại phường B, quận C, TP Cần Thơ (giấy CNQSD đất đã cấp đổi). Nguyên đơn yêu cầu buộc bị đơn",13,ALQAC2026_public_test.json
case_9089,B_WIN,3,Bộ luật tố tụng dân sự năm 2015,Điều 35,Bộ luật tố tụng dân sự năm 2015 | Điều 35,"Ông Huỳnh Trọng K và bà Nguyễn Thị L tranh chấp quyền sử dụng đất với bà Huỳnh Thị L1 và bà Lê Thị M liên quan thửa đất 475/476 tại phường B, quận C, TP Cần Thơ (giấy CNQSD đất đã cấp đổi). Nguyên đơn yêu cầu buộc bị đơn",13,ALQAC2026_public_test.json
case_9089,B_WIN,4,Bộ luật tố tụng dân sự năm 2015,Điều 39,Bộ luật tố tụng dân sự năm 2015 | Điều 39,"Ông Huỳnh Trọng K và bà Nguyễn Thị L tranh chấp quyền sử dụng đất với bà Huỳnh Thị L1 và bà Lê Thị M liên quan thửa đất 475/476 tại phường B, quận C, TP Cần Thơ (giấy CNQSD đất đã cấp đổi). Nguyên đơn yêu cầu buộc bị đơn",13,ALQAC2026_public_test.json
case_9089,B_WIN,5,Bộ luật tố tụng dân sự năm 2015,Điều 91,Bộ luật tố tụng dân sự năm 2015 | Điều 91,"Ông Huỳnh Trọng K và bà Nguyễn Thị L tranh chấp quyền sử dụng đất với bà Huỳnh Thị L1 và bà Lê Thị M liên quan thửa đất 475/476 tại phường B, quận C, TP Cần Thơ (giấy CNQSD đất đã cấp đổi). Nguyên đơn yêu cầu buộc bị đơn",13,ALQAC2026_public_test.json
case_9089,B_WIN,6,Bộ luật tố tụng dân sự năm 2015,Điều 147,Bộ luật tố tụng dân sự năm 2015 | Điều 147,"Ông Huỳnh Trọng K và bà Nguyễn Thị L tranh chấp quyền sử dụng đất với bà Huỳnh Thị L1 và bà Lê Thị M liên quan thửa đất 475/476 tại phường B, quận C, TP Cần Thơ (giấy CNQSD đất đã cấp đổi). Nguyên đơn yêu cầu buộc bị đơn",13,ALQAC2026_public_test.json
case_9089,B_WIN,7,Bộ luật tố tụng dân sự năm 2015,Điều 157,Bộ luật tố tụng dân sự năm 2015 | Điều 157,"Ông Huỳnh Trọng K và bà Nguyễn Thị L tranh chấp quyền sử dụng đất với bà Huỳnh Thị L1 và bà Lê Thị M liên quan thửa đất 475/476 tại phường B, quận C, TP Cần Thơ (giấy CNQSD đất đã cấp đổi). Nguyên đơn yêu cầu buộc bị đơn",13,ALQAC2026_public_test.json
case_9089,B_WIN,8,Bộ luật tố tụng dân sự năm 2015,Điều 165,Bộ luật tố tụng dân sự năm 2015 | Điều 165,"Ông Huỳnh Trọng K và bà Nguyễn Thị L tranh chấp quyền sử dụng đất với bà Huỳnh Thị L1 và bà Lê Thị M liên quan thửa đất 475/476 tại phường B, quận C, TP Cần Thơ (giấy CNQSD đất đã cấp đổi). Nguyên đơn yêu cầu buộc bị đơn",13,ALQAC2026_public_test.json
case_9089,B_WIN,9,Bộ luật tố tụng dân sự năm 2015,Điều 228,Bộ luật tố tụng dân sự năm 2015 | Điều 228,"Ông Huỳnh Trọng K và bà Nguyễn Thị L tranh chấp quyền sử dụng đất với bà Huỳnh Thị L1 và bà Lê Thị M liên quan thửa đất 475/476 tại phường B, quận C, TP Cần Thơ (giấy CNQSD đất đã cấp đổi). Nguyên đơn yêu cầu buộc bị đơn",13,ALQAC2026_public_test.json
case_9089,B_WIN,10,Bộ luật tố tụng dân sự năm 2015,Điều 273,Bộ luật tố tụng dân sự năm 2015 | Điều 273,"Ông Huỳnh Trọng K và bà Nguyễn Thị L tranh chấp quyền sử dụng đất với bà Huỳnh Thị L1 và bà Lê Thị M liên quan thửa đất 475/476 tại phường B, quận C, TP Cần Thơ (giấy CNQSD đất đã cấp đổi). Nguyên đơn yêu cầu buộc bị đơn",13,ALQAC2026_public_test.json
case_9089,B_WIN,11,Luật Đất đai năm 2013,Điều 166,Luật Đất đai năm 2013 | Điều 166,"Ông Huỳnh Trọng K và bà Nguyễn Thị L tranh chấp quyền sử dụng đất với bà Huỳnh Thị L1 và bà Lê Thị M liên quan thửa đất 475/476 tại phường B, quận C, TP Cần Thơ (giấy CNQSD đất đã cấp đổi). Nguyên đơn yêu cầu buộc bị đơn",13,ALQAC2026_public_test.json
case_9089,B_WIN,12,Luật Đất đai năm 2013,Điều 170,Luật Đất đai năm 2013 | Điều 170,"Ông Huỳnh Trọng K và bà Nguyễn Thị L tranh chấp quyền sử dụng đất với bà Huỳnh Thị L1 và bà Lê Thị M liên quan thửa đất 475/476 tại phường B, quận C, TP Cần Thơ (giấy CNQSD đất đã cấp đổi). Nguyên đơn yêu cầu buộc bị đơn",13,ALQAC2026_public_test.json
case_9089,B_WIN,13,Luật Đất đai năm 2013,Điều 203,Luật Đất đai năm 2013 | Điều 203,"Ông Huỳnh Trọng K và bà Nguyễn Thị L tranh chấp quyền sử dụng đất với bà Huỳnh Thị L1 và bà Lê Thị M liên quan thửa đất 475/476 tại phường B, quận C, TP Cần Thơ (giấy CNQSD đất đã cấp đổi). Nguyên đơn yêu cầu buộc bị đơn",13,ALQAC2026_public_test.json
case_127,B_WIN,1,Bộ luật Tố tụng dân sự,Điều 26,Bộ luật Tố tụng dân sự | Điều 26,"Nguyên đơn gồm ông Nguyễn Văn T (vợ bà Trịnh Thị T V, các con/ người kế thừa) và bị đơn là vợ chồng ông Phạm Văn Th, bà Vũ Thị H. Tranh chấp hợp đồng chuyển nhượng nhà, đất giữa cụ Phạm Văn L với cụ Phạm Thị M, kèm yêu c",35,ALQAC2026_public_test.json
case_127,B_WIN,2,Bộ luật Tố tụng dân sự,Điều 35,Bộ luật Tố tụng dân sự | Điều 35,"Nguyên đơn gồm ông Nguyễn Văn T (vợ bà Trịnh Thị T V, các con/ người kế thừa) và bị đơn là vợ chồng ông Phạm Văn Th, bà Vũ Thị H. Tranh chấp hợp đồng chuyển nhượng nhà, đất giữa cụ Phạm Văn L với cụ Phạm Thị M, kèm yêu c",35,ALQAC2026_public_test.json
case_127,B_WIN,3,Bộ luật Tố tụng dân sự,Điều 39,Bộ luật Tố tụng dân sự | Điều 39,"Nguyên đơn gồm ông Nguyễn Văn T (vợ bà Trịnh Thị T V, các con/ người kế thừa) và bị đơn là vợ chồng ông Phạm Văn Th, bà Vũ Thị H. Tranh chấp hợp đồng chuyển nhượng nhà, đất giữa cụ Phạm Văn L với cụ Phạm Thị M, kèm yêu c",35,ALQAC2026_public_test.json
case_127,B_WIN,4,Bộ luật Tố tụng dân sự,Điều 144,Bộ luật Tố tụng dân sự | Điều 144,"Nguyên đơn gồm ông Nguyễn Văn T (vợ bà Trịnh Thị T V, các con/ người kế thừa) và bị đơn là vợ chồng ông Phạm Văn Th, bà Vũ Thị H. Tranh chấp hợp đồng chuyển nhượng nhà, đất giữa cụ Phạm Văn L với cụ Phạm Thị M, kèm yêu c",35,ALQAC2026_public_test.json
case_127,B_WIN,5,Bộ luật Tố tụng dân sự,Điều 147,Bộ luật Tố tụng dân sự | Điều 147,"Nguyên đơn gồm ông Nguyễn Văn T (vợ bà Trịnh Thị T V, các con/ người kế thừa) và bị đơn là vợ chồng ông Phạm Văn Th, bà Vũ Thị H. Tranh chấp hợp đồng chuyển nhượng nhà, đất giữa cụ Phạm Văn L với cụ Phạm Thị M, kèm yêu c",35,ALQAC2026_public_test.json
case_127,B_WIN,6,Bộ luật Tố tụng dân sự,Điều 266,Bộ luật Tố tụng dân sự | Điều 266,"Nguyên đơn gồm ông Nguyễn Văn T (vợ bà Trịnh Thị T V, các con/ người kế thừa) và bị đơn là vợ chồng ông Phạm Văn Th, bà Vũ Thị H. Tranh chấp hợp đồng chuyển nhượng nhà, đất giữa cụ Phạm Văn L với cụ Phạm Thị M, kèm yêu c",35,ALQAC2026_public_test.json
case_127,B_WIN,7,Bộ luật Tố tụng dân sự,Điều 273,Bộ luật Tố tụng dân sự | Điều 273,"Nguyên đơn gồm ông Nguyễn Văn T (vợ bà Trịnh Thị T V, các con/ người kế thừa) và bị đơn là vợ chồng ông Phạm Văn Th, bà Vũ Thị H. Tranh chấp hợp đồng chuyển nhượng nhà, đất giữa cụ Phạm Văn L với cụ Phạm Thị M, kèm yêu c",35,ALQAC2026_public_test.json
case_127,B_WIN,8,Bộ luật Tố tụng dân sự,Điều 280,Bộ luật Tố tụng dân sự | Điều 280,"Nguyên đơn gồm ông Nguyễn Văn T (vợ bà Trịnh Thị T V, các con/ người kế thừa) và bị đơn là vợ chồng ông Phạm Văn Th, bà Vũ Thị H. Tranh chấp hợp đồng chuyển nhượng nhà, đất giữa cụ Phạm Văn L với cụ Phạm Thị M, kèm yêu c",35,ALQAC2026_public_test.json
case_127,B_WIN,9,Bộ luật Dân sự năm 2005,Điều 121,Bộ luật Dân sự năm 2005 | Điều 121,"Nguyên đơn gồm ông Nguyễn Văn T (vợ bà Trịnh Thị T V, các con/ người kế thừa) và bị đơn là vợ chồng ông Phạm Văn Th, bà Vũ Thị H. Tranh chấp hợp đồng chuyển nhượng nhà, đất giữa cụ Phạm Văn L với cụ Phạm Thị M, kèm yêu c",35,ALQAC2026_public_test.json
case_127,B_WIN,10,Bộ luật Dân sự năm 2005,Điều 122,Bộ luật Dân sự năm 2005 | Điều 122,"Nguyên đơn gồm ông Nguyễn Văn T (vợ bà Trịnh Thị T V, các con/ người kế thừa) và bị đơn là vợ chồng ông Phạm Văn Th, bà Vũ Thị H. Tranh chấp hợp đồng chuyển nhượng nhà, đất giữa cụ Phạm Văn L với cụ Phạm Thị M, kèm yêu c",35,ALQAC2026_public_test.json
case_127,B_WIN,11,Bộ luật Dân sự năm 2005,Điều 123,Bộ luật Dân sự năm 2005 | Điều 123,"Nguyên đơn gồm ông Nguyễn Văn T (vợ bà Trịnh Thị T V, các con/ người kế thừa) và bị đơn là vợ chồng ông Phạm Văn Th, bà Vũ Thị H. Tranh chấp hợp đồng chuyển nhượng nhà, đất giữa cụ Phạm Văn L với cụ Phạm Thị M, kèm yêu c",35,ALQAC2026_public_test.json
case_127,B_WIN,12,Bộ luật Dân sự năm 2005,Điều 124,Bộ luật Dân sự năm 2005 | Điều 124,"Nguyên đơn gồm ông Nguyễn Văn T (vợ bà Trịnh Thị T V, các con/ người kế thừa) và bị đơn là vợ chồng ông Phạm Văn Th, bà Vũ Thị H. Tranh chấp hợp đồng chuyển nhượng nhà, đất giữa cụ Phạm Văn L với cụ Phạm Thị M, kèm yêu c",35,ALQAC2026_public_test.json
case_127,B_WIN,13,Bộ luật Dân sự năm 2005,Điều 255,Bộ luật Dân sự năm 2005 | Điều 255,"Nguyên đơn gồm ông Nguyễn Văn T (vợ bà Trịnh Thị T V, các con/ người kế thừa) và bị đơn là vợ chồng ông Phạm Văn Th, bà Vũ Thị H. Tranh chấp hợp đồng chuyển nhượng nhà, đất giữa cụ Phạm Văn L với cụ Phạm Thị M, kèm yêu c",35,ALQAC2026_public_test.json
case_127,B_WIN,14,Bộ luật Dân sự năm 2005,Điều 256,Bộ luật Dân sự năm 2005 | Điều 256,"Nguyên đơn gồm ông Nguyễn Văn T (vợ bà Trịnh Thị T V, các con/ người kế thừa) và bị đơn là vợ chồng ông Phạm Văn Th, bà Vũ Thị H. Tranh chấp hợp đồng chuyển nhượng nhà, đất giữa cụ Phạm Văn L với cụ Phạm Thị M, kèm yêu c",35,ALQAC2026_public_test.json
case_127,B_WIN,15,Bộ luật Dân sự năm 2005,Điều 280,Bộ luật Dân sự năm 2005 | Điều 280,"Nguyên đơn gồm ông Nguyễn Văn T (vợ bà Trịnh Thị T V, các con/ người kế thừa) và bị đơn là vợ chồng ông Phạm Văn Th, bà Vũ Thị H. Tranh chấp hợp đồng chuyển nhượng nhà, đất giữa cụ Phạm Văn L với cụ Phạm Thị M, kèm yêu c",35,ALQAC2026_public_test.json
case_127,B_WIN,16,Bộ luật Dân sự năm 2005,Điều 281,Bộ luật Dân sự năm 2005 | Điều 281,"Nguyên đơn gồm ông Nguyễn Văn T (vợ bà Trịnh Thị T V, các con/ người kế thừa) và bị đơn là vợ chồng ông Phạm Văn Th, bà Vũ Thị H. Tranh chấp hợp đồng chuyển nhượng nhà, đất giữa cụ Phạm Văn L với cụ Phạm Thị M, kèm yêu c",35,ALQAC2026_public_test.json
case_127,B_WIN,17,Bộ luật Dân sự năm 2005,Điều 290,Bộ luật Dân sự năm 2005 | Điều 290,"Nguyên đơn gồm ông Nguyễn Văn T (vợ bà Trịnh Thị T V, các con/ người kế thừa) và bị đơn là vợ chồng ông Phạm Văn Th, bà Vũ Thị H. Tranh chấp hợp đồng chuyển nhượng nhà, đất giữa cụ Phạm Văn L với cụ Phạm Thị M, kèm yêu c",35,ALQAC2026_public_test.json
case_127,B_WIN,18,Bộ luật Dân sự năm 2005,Điều 401,Bộ luật Dân sự năm 2005 | Điều 401,"Nguyên đơn gồm ông Nguyễn Văn T (vợ bà Trịnh Thị T V, các con/ người kế thừa) và bị đơn là vợ chồng ông Phạm Văn Th, bà Vũ Thị H. Tranh chấp hợp đồng chuyển nhượng nhà, đất giữa cụ Phạm Văn L với cụ Phạm Thị M, kèm yêu c",35,ALQAC2026_public_test.json
case_127,B_WIN,19,Bộ luật Dân sự năm 2005,Điều 439,Bộ luật Dân sự năm 2005 | Điều 439,"Nguyên đơn gồm ông Nguyễn Văn T (vợ bà Trịnh Thị T V, các con/ người kế thừa) và bị đơn là vợ chồng ông Phạm Văn Th, bà Vũ Thị H. Tranh chấp hợp đồng chuyển nhượng nhà, đất giữa cụ Phạm Văn L với cụ Phạm Thị M, kèm yêu c",35,ALQAC2026_public_test.json
case_127,B_WIN,20,Bộ luật Dân sự năm 2005,Điều 439,Bộ luật Dân sự năm 2005 | Điều 439,"Nguyên đơn gồm ông Nguyễn Văn T (vợ bà Trịnh Thị T V, các con/ người kế thừa) và bị đơn là vợ chồng ông Phạm Văn Th, bà Vũ Thị H. Tranh chấp hợp đồng chuyển nhượng nhà, đất giữa cụ Phạm Văn L với cụ Phạm Thị M, kèm yêu c",35,ALQAC2026_public_test.json
case_127,B_WIN,21,Bộ luật Dân sự năm 2005,Điều 450,Bộ luật Dân sự năm 2005 | Điều 450,"Nguyên đơn gồm ông Nguyễn Văn T (vợ bà Trịnh Thị T V, các con/ người kế thừa) và bị đơn là vợ chồng ông Phạm Văn Th, bà Vũ Thị H. Tranh chấp hợp đồng chuyển nhượng nhà, đất giữa cụ Phạm Văn L với cụ Phạm Thị M, kèm yêu c",35,ALQAC2026_public_test.json
case_127,B_WIN,22,Bộ luật Dân sự năm 2005,Điều 451,Bộ luật Dân sự năm 2005 | Điều 451,"Nguyên đơn gồm ông Nguyễn Văn T (vợ bà Trịnh Thị T V, các con/ người kế thừa) và bị đơn là vợ chồng ông Phạm Văn Th, bà Vũ Thị H. Tranh chấp hợp đồng chuyển nhượng nhà, đất giữa cụ Phạm Văn L với cụ Phạm Thị M, kèm yêu c",35,ALQAC2026_public_test.json
case_127,B_WIN,23,Bộ luật Dân sự năm 2005,Điều 452,Bộ luật Dân sự năm 2005 | Điều 452,"Nguyên đơn gồm ông Nguyễn Văn T (vợ bà Trịnh Thị T V, các con/ người kế thừa) và bị đơn là vợ chồng ông Phạm Văn Th, bà Vũ Thị H. Tranh chấp hợp đồng chuyển nhượng nhà, đất giữa cụ Phạm Văn L với cụ Phạm Thị M, kèm yêu c",35,ALQAC2026_public_test.json
case_127,B_WIN,24,Bộ luật Dân sự năm 2005,Điều 454,Bộ luật Dân sự năm 2005 | Điều 454,"Nguyên đơn gồm ông Nguyễn Văn T (vợ bà Trịnh Thị T V, các con/ người kế thừa) và bị đơn là vợ chồng ông Phạm Văn Th, bà Vũ Thị H. Tranh chấp hợp đồng chuyển nhượng nhà, đất giữa cụ Phạm Văn L với cụ Phạm Thị M, kèm yêu c",35,ALQAC2026_public_test.json
case_127,B_WIN,25,Bộ luật Dân sự năm 2005,Điều 471,Bộ luật Dân sự năm 2005 | Điều 471,"Nguyên đơn gồm ông Nguyễn Văn T (vợ bà Trịnh Thị T V, các con/ người kế thừa) và bị đơn là vợ chồng ông Phạm Văn Th, bà Vũ Thị H. Tranh chấp hợp đồng chuyển nhượng nhà, đất giữa cụ Phạm Văn L với cụ Phạm Thị M, kèm yêu c",35,ALQAC2026_public_test.json
case_127,B_WIN,26,Bộ luật Dân sự năm 2005,Điều 474,Bộ luật Dân sự năm 2005 | Điều 474,"Nguyên đơn gồm ông Nguyễn Văn T (vợ bà Trịnh Thị T V, các con/ người kế thừa) và bị đơn là vợ chồng ông Phạm Văn Th, bà Vũ Thị H. Tranh chấp hợp đồng chuyển nhượng nhà, đất giữa cụ Phạm Văn L với cụ Phạm Thị M, kèm yêu c",35,ALQAC2026_public_test.json
case_127,B_WIN,27,Bộ luật Dân sự năm 2005,Điều 697,Bộ luật Dân sự năm 2005 | Điều 697,"Nguyên đơn gồm ông Nguyễn Văn T (vợ bà Trịnh Thị T V, các con/ người kế thừa) và bị đơn là vợ chồng ông Phạm Văn Th, bà Vũ Thị H. Tranh chấp hợp đồng chuyển nhượng nhà, đất giữa cụ Phạm Văn L với cụ Phạm Thị M, kèm yêu c",35,ALQAC2026_public_test.json
case_127,B_WIN,28,Bộ luật Dân sự năm 2005,Điều 698,Bộ luật Dân sự năm 2005 | Điều 698,"Nguyên đơn gồm ông Nguyễn Văn T (vợ bà Trịnh Thị T V, các con/ người kế thừa) và bị đơn là vợ chồng ông Phạm Văn Th, bà Vũ Thị H. Tranh chấp hợp đồng chuyển nhượng nhà, đất giữa cụ Phạm Văn L với cụ Phạm Thị M, kèm yêu c",35,ALQAC2026_public_test.json
case_127,B_WIN,29,Bộ luật Dân sự năm 2005,Điều 699,Bộ luật Dân sự năm 2005 | Điều 699,"Nguyên đơn gồm ông Nguyễn Văn T (vợ bà Trịnh Thị T V, các con/ người kế thừa) và bị đơn là vợ chồng ông Phạm Văn Th, bà Vũ Thị H. Tranh chấp hợp đồng chuyển nhượng nhà, đất giữa cụ Phạm Văn L với cụ Phạm Thị M, kèm yêu c",35,ALQAC2026_public_test.json
case_127,B_WIN,30,Bộ luật Dân sự năm 2005,Điều 700,Bộ luật Dân sự năm 2005 | Điều 700,"Nguyên đơn gồm ông Nguyễn Văn T (vợ bà Trịnh Thị T V, các con/ người kế thừa) và bị đơn là vợ chồng ông Phạm Văn Th, bà Vũ Thị H. Tranh chấp hợp đồng chuyển nhượng nhà, đất giữa cụ Phạm Văn L với cụ Phạm Thị M, kèm yêu c",35,ALQAC2026_public_test.json
case_127,B_WIN,31,Bộ luật Dân sự năm 2005,Điều 701,Bộ luật Dân sự năm 2005 | Điều 701,"Nguyên đơn gồm ông Nguyễn Văn T (vợ bà Trịnh Thị T V, các con/ người kế thừa) và bị đơn là vợ chồng ông Phạm Văn Th, bà Vũ Thị H. Tranh chấp hợp đồng chuyển nhượng nhà, đất giữa cụ Phạm Văn L với cụ Phạm Thị M, kèm yêu c",35,ALQAC2026_public_test.json
case_127,B_WIN,32,Bộ luật Dân sự năm 2005,Điều 702,Bộ luật Dân sự năm 2005 | Điều 702,"Nguyên đơn gồm ông Nguyễn Văn T (vợ bà Trịnh Thị T V, các con/ người kế thừa) và bị đơn là vợ chồng ông Phạm Văn Th, bà Vũ Thị H. Tranh chấp hợp đồng chuyển nhượng nhà, đất giữa cụ Phạm Văn L với cụ Phạm Thị M, kèm yêu c",35,ALQAC2026_public_test.json
case_127,B_WIN,33,Bộ luật Dân sự năm 2015,Điều 155,Bộ luật Dân sự năm 2015 | Điều 155,"Nguyên đơn gồm ông Nguyễn Văn T (vợ bà Trịnh Thị T V, các con/ người kế thừa) và bị đơn là vợ chồng ông Phạm Văn Th, bà Vũ Thị H. Tranh chấp hợp đồng chuyển nhượng nhà, đất giữa cụ Phạm Văn L với cụ Phạm Thị M, kèm yêu c",35,ALQAC2026_public_test.json
case_127,B_WIN,34,Bộ luật Dân sự năm 2015,Điều 688,Bộ luật Dân sự năm 2015 | Điều 688,"Nguyên đơn gồm ông Nguyễn Văn T (vợ bà Trịnh Thị T V, các con/ người kế thừa) và bị đơn là vợ chồng ông Phạm Văn Th, bà Vũ Thị H. Tranh chấp hợp đồng chuyển nhượng nhà, đất giữa cụ Phạm Văn L với cụ Phạm Thị M, kèm yêu c",35,ALQAC2026_public_test.json
case_127,B_WIN,35,Căn cứ Án Lệ số 04/2016/AL ngày 06/4/2016 và Án Lệ số 15/2017/AL ngày 14/12/2017 của Hội đồng Thẩm phán Tòa án nhân dân tối cao;,,Căn cứ Án Lệ số 04/2016/AL ngày 06/4/2016 và Án Lệ số 15/2017/AL ngày 14/12/2017 của Hội đồng Thẩm phán Tòa án nhân dân tối cao;,"Nguyên đơn gồm ông Nguyễn Văn T (vợ bà Trịnh Thị T V, các con/ người kế thừa) và bị đơn là vợ chồng ông Phạm Văn Th, bà Vũ Thị H. Tranh chấp hợp đồng chuyển nhượng nhà, đất giữa cụ Phạm Văn L với cụ Phạm Thị M, kèm yêu c",35,ALQAC2026_public_test.json
case_2978,B_WIN,1,Bộ luật Tố tụng Dân sự 2015,Điều 26,Bộ luật Tố tụng Dân sự 2015 | Điều 26,"Anh Ong Teng Kh kiện các chị Diệp Kiều H, Nguyễn Thị Huỳnh Nh, Huỳnh Nguyễn Ngọc Kiều O tranh chấp “kiện đòi tài sản”. Anh cho rằng đã đầu tư tiền vốn và yêu cầu các bị đơn trả lại hệ thống nhà xưởng, 01 xe máy xúc, 03 b",6,ALQAC2026_public_test.json
case_2978,B_WIN,2,Bộ luật Tố tụng Dân sự 2015,Điều 35,Bộ luật Tố tụng Dân sự 2015 | Điều 35,"Anh Ong Teng Kh kiện các chị Diệp Kiều H, Nguyễn Thị Huỳnh Nh, Huỳnh Nguyễn Ngọc Kiều O tranh chấp “kiện đòi tài sản”. Anh cho rằng đã đầu tư tiền vốn và yêu cầu các bị đơn trả lại hệ thống nhà xưởng, 01 xe máy xúc, 03 b",6,ALQAC2026_public_test.json
case_2978,B_WIN,3,Bộ luật Tố tụng Dân sự 2015,39,Bộ luật Tố tụng Dân sự 2015 | 39,"Anh Ong Teng Kh kiện các chị Diệp Kiều H, Nguyễn Thị Huỳnh Nh, Huỳnh Nguyễn Ngọc Kiều O tranh chấp “kiện đòi tài sản”. Anh cho rằng đã đầu tư tiền vốn và yêu cầu các bị đơn trả lại hệ thống nhà xưởng, 01 xe máy xúc, 03 b",6,ALQAC2026_public_test.json
case_2978,B_WIN,4,Bộ luật Tố tụng Dân sự 2015,203,Bộ luật Tố tụng Dân sự 2015 | 203,"Anh Ong Teng Kh kiện các chị Diệp Kiều H, Nguyễn Thị Huỳnh Nh, Huỳnh Nguyễn Ngọc Kiều O tranh chấp “kiện đòi tài sản”. Anh cho rằng đã đầu tư tiền vốn và yêu cầu các bị đơn trả lại hệ thống nhà xưởng, 01 xe máy xúc, 03 b",6,ALQAC2026_public_test.json
case_2978,B_WIN,5,Bộ luật Tố tụng Dân sự 2015,Điều 227,Bộ luật Tố tụng Dân sự 2015 | Điều 227,"Anh Ong Teng Kh kiện các chị Diệp Kiều H, Nguyễn Thị Huỳnh Nh, Huỳnh Nguyễn Ngọc Kiều O tranh chấp “kiện đòi tài sản”. Anh cho rằng đã đầu tư tiền vốn và yêu cầu các bị đơn trả lại hệ thống nhà xưởng, 01 xe máy xúc, 03 b",6,ALQAC2026_public_test.json
case_2978,B_WIN,6,Bộ luật Tố tụng Dân sự 2015,Điều 228,Bộ luật Tố tụng Dân sự 2015 | Điều 228,"Anh Ong Teng Kh kiện các chị Diệp Kiều H, Nguyễn Thị Huỳnh Nh, Huỳnh Nguyễn Ngọc Kiều O tranh chấp “kiện đòi tài sản”. Anh cho rằng đã đầu tư tiền vốn và yêu cầu các bị đơn trả lại hệ thống nhà xưởng, 01 xe máy xúc, 03 b",6,ALQAC2026_public_test.json
case_4579,B_WIN,1,Bộ Luật Dân sự năm 2005,Điều 688,Bộ Luật Dân sự năm 2005 | Điều 688,"Bà Trần Thị N khởi kiện ông Trần Cảnh N về tranh chấp quyền sử dụng đất liên quan lối đi qua và diện tích khoảng 102m2. Bà N yêu cầu buộc ông N trả lại diện tích 102m2 theo sơ đồ bản vẽ đo vẽ năm 2007, gắn với Giấy chứng",7,ALQAC2026_public_test.json
case_4579,B_WIN,2,Luật đất đai 2003,Điều 4,Luật đất đai 2003| Điều 4,"Bà Trần Thị N khởi kiện ông Trần Cảnh N về tranh chấp quyền sử dụng đất liên quan lối đi qua và diện tích khoảng 102m2. Bà N yêu cầu buộc ông N trả lại diện tích 102m2 theo sơ đồ bản vẽ đo vẽ năm 2007, gắn với Giấy chứng",7,ALQAC2026_public_test.json
case_4579,B_WIN,3,Luật đất đai 2003,Điều 5,Luật đất đai 2003 | Điều 5,"Bà Trần Thị N khởi kiện ông Trần Cảnh N về tranh chấp quyền sử dụng đất liên quan lối đi qua và diện tích khoảng 102m2. Bà N yêu cầu buộc ông N trả lại diện tích 102m2 theo sơ đồ bản vẽ đo vẽ năm 2007, gắn với Giấy chứng",7,ALQAC2026_public_test.json
case_4579,B_WIN,4,Luật đất đai 2003,Điều 105,Luật đất đai 2003 | Điều 105,"Bà Trần Thị N khởi kiện ông Trần Cảnh N về tranh chấp quyền sử dụng đất liên quan lối đi qua và diện tích khoảng 102m2. Bà N yêu cầu buộc ông N trả lại diện tích 102m2 theo sơ đồ bản vẽ đo vẽ năm 2007, gắn với Giấy chứng",7,ALQAC2026_public_test.json
case_4579,B_WIN,5,Bộ luật Tố tụng dân sự năm 2015,Điều 147,Bộ luật Tố tụng dân sự năm 2015 | Điều 147,"Bà Trần Thị N khởi kiện ông Trần Cảnh N về tranh chấp quyền sử dụng đất liên quan lối đi qua và diện tích khoảng 102m2. Bà N yêu cầu buộc ông N trả lại diện tích 102m2 theo sơ đồ bản vẽ đo vẽ năm 2007, gắn với Giấy chứng",7,ALQAC2026_public_test.json
case_4579,B_WIN,6,Bộ luật Tố tụng dân sự năm 2015,Điều 163,Bộ luật Tố tụng dân sự năm 2015 | Điều 163,"Bà Trần Thị N khởi kiện ông Trần Cảnh N về tranh chấp quyền sử dụng đất liên quan lối đi qua và diện tích khoảng 102m2. Bà N yêu cầu buộc ông N trả lại diện tích 102m2 theo sơ đồ bản vẽ đo vẽ năm 2007, gắn với Giấy chứng",7,ALQAC2026_public_test.json
case_4579,B_WIN,7,Bộ luật Tố tụng dân sự năm 2015,Điều 169,Bộ luật Tố tụng dân sự năm 2015 | Điều 169,"Bà Trần Thị N khởi kiện ông Trần Cảnh N về tranh chấp quyền sử dụng đất liên quan lối đi qua và diện tích khoảng 102m2. Bà N yêu cầu buộc ông N trả lại diện tích 102m2 theo sơ đồ bản vẽ đo vẽ năm 2007, gắn với Giấy chứng",7,ALQAC2026_public_test.json
case_5236,PARTIAL_A_WIN,1,Bộ luật dân sự năm 2005,Điều 389,Bộ luật dân sự năm 2005 | Điều 389,"Ông Trần Văn C khởi kiện ông Dương Văn B (và bà Dương Thị L liên quan) về tranh chấp hụi, họ, phường. Hai bên có quan hệ chơi hai dây phường từ 07/7/2015 và 10/02/2016, có thỏa thuận tiền gốc và lãi, trách nhiệm trưởng p",17,ALQAC2026_public_test.json
case_5236,PARTIAL_A_WIN,2,Bộ luật dân sự năm 2005,Điều 401,Bộ luật dân sự năm 2005 | Điều 401,"Ông Trần Văn C khởi kiện ông Dương Văn B (và bà Dương Thị L liên quan) về tranh chấp hụi, họ, phường. Hai bên có quan hệ chơi hai dây phường từ 07/7/2015 và 10/02/2016, có thỏa thuận tiền gốc và lãi, trách nhiệm trưởng p",17,ALQAC2026_public_test.json
case_5236,PARTIAL_A_WIN,3,Bộ luật dân sự năm 2005,Điều 402,Bộ luật dân sự năm 2005 | Điều 402,"Ông Trần Văn C khởi kiện ông Dương Văn B (và bà Dương Thị L liên quan) về tranh chấp hụi, họ, phường. Hai bên có quan hệ chơi hai dây phường từ 07/7/2015 và 10/02/2016, có thỏa thuận tiền gốc và lãi, trách nhiệm trưởng p",17,ALQAC2026_public_test.json
case_5236,PARTIAL_A_WIN,4,Bộ luật dân sự năm 2005,Điều 403,Bộ luật dân sự năm 2005 | Điều 403,"Ông Trần Văn C khởi kiện ông Dương Văn B (và bà Dương Thị L liên quan) về tranh chấp hụi, họ, phường. Hai bên có quan hệ chơi hai dây phường từ 07/7/2015 và 10/02/2016, có thỏa thuận tiền gốc và lãi, trách nhiệm trưởng p",17,ALQAC2026_public_test.json
case_5236,PARTIAL_A_WIN,5,Bộ luật dân sự năm 2005,Điều 404,Bộ luật dân sự năm 2005 | Điều 404,"Ông Trần Văn C khởi kiện ông Dương Văn B (và bà Dương Thị L liên quan) về tranh chấp hụi, họ, phường. Hai bên có quan hệ chơi hai dây phường từ 07/7/2015 và 10/02/2016, có thỏa thuận tiền gốc và lãi, trách nhiệm trưởng p",17,ALQAC2026_public_test.json
case_5236,PARTIAL_A_WIN,6,Bộ luật dân sự năm 2005,Điều 479,Bộ luật dân sự năm 2005 | Điều 479,"Ông Trần Văn C khởi kiện ông Dương Văn B (và bà Dương Thị L liên quan) về tranh chấp hụi, họ, phường. Hai bên có quan hệ chơi hai dây phường từ 07/7/2015 và 10/02/2016, có thỏa thuận tiền gốc và lãi, trách nhiệm trưởng p",17,ALQAC2026_public_test.json
case_5236,PARTIAL_A_WIN,7,Bộ luật dân sự,Điều 288,Bộ luật dân sự | Điều 288,"Ông Trần Văn C khởi kiện ông Dương Văn B (và bà Dương Thị L liên quan) về tranh chấp hụi, họ, phường. Hai bên có quan hệ chơi hai dây phường từ 07/7/2015 và 10/02/2016, có thỏa thuận tiền gốc và lãi, trách nhiệm trưởng p",17,ALQAC2026_public_test.json
case_5236,PARTIAL_A_WIN,8,Bộ luật dân sự,Điều 357 khoản 2,Bộ luật dân sự | Điều 357 khoản 2,"Ông Trần Văn C khởi kiện ông Dương Văn B (và bà Dương Thị L liên quan) về tranh chấp hụi, họ, phường. Hai bên có quan hệ chơi hai dây phường từ 07/7/2015 và 10/02/2016, có thỏa thuận tiền gốc và lãi, trách nhiệm trưởng p",17,ALQAC2026_public_test.json
case_5236,PARTIAL_A_WIN,9,Luật hôn nhân và gia đình,Điều 27,Luật hôn nhân và gia đình | Điều 27,"Ông Trần Văn C khởi kiện ông Dương Văn B (và bà Dương Thị L liên quan) về tranh chấp hụi, họ, phường. Hai bên có quan hệ chơi hai dây phường từ 07/7/2015 và 10/02/2016, có thỏa thuận tiền gốc và lãi, trách nhiệm trưởng p",17,ALQAC2026_public_test.json
case_5236,PARTIAL_A_WIN,10,Luật hôn nhân và gia đình,Điều 37,Luật hôn nhân và gia đình | Điều 37,"Ông Trần Văn C khởi kiện ông Dương Văn B (và bà Dương Thị L liên quan) về tranh chấp hụi, họ, phường. Hai bên có quan hệ chơi hai dây phường từ 07/7/2015 và 10/02/2016, có thỏa thuận tiền gốc và lãi, trách nhiệm trưởng p",17,ALQAC2026_public_test.json
case_5236,PARTIAL_A_WIN,11,Bộ luật tố tụng dân sự,Điều 26,Bộ luật tố tụng dân sự | Điều 26,"Ông Trần Văn C khởi kiện ông Dương Văn B (và bà Dương Thị L liên quan) về tranh chấp hụi, họ, phường. Hai bên có quan hệ chơi hai dây phường từ 07/7/2015 và 10/02/2016, có thỏa thuận tiền gốc và lãi, trách nhiệm trưởng p",17,ALQAC2026_public_test.json
case_5236,PARTIAL_A_WIN,12,Bộ luật tố tụng dân sự,Điều 35,Bộ luật tố tụng dân sự | Điều 35,"Ông Trần Văn C khởi kiện ông Dương Văn B (và bà Dương Thị L liên quan) về tranh chấp hụi, họ, phường. Hai bên có quan hệ chơi hai dây phường từ 07/7/2015 và 10/02/2016, có thỏa thuận tiền gốc và lãi, trách nhiệm trưởng p",17,ALQAC2026_public_test.json
case_5236,PARTIAL_A_WIN,13,Bộ luật tố tụng dân sự,Điều 39,Bộ luật tố tụng dân sự | Điều 39,"Ông Trần Văn C khởi kiện ông Dương Văn B (và bà Dương Thị L liên quan) về tranh chấp hụi, họ, phường. Hai bên có quan hệ chơi hai dây phường từ 07/7/2015 và 10/02/2016, có thỏa thuận tiền gốc và lãi, trách nhiệm trưởng p",17,ALQAC2026_public_test.json
case_5236,PARTIAL_A_WIN,14,Bộ luật tố tụng dân sự,Điều 147,Bộ luật tố tụng dân sự | Điều 147,"Ông Trần Văn C khởi kiện ông Dương Văn B (và bà Dương Thị L liên quan) về tranh chấp hụi, họ, phường. Hai bên có quan hệ chơi hai dây phường từ 07/7/2015 và 10/02/2016, có thỏa thuận tiền gốc và lãi, trách nhiệm trưởng p",17,ALQAC2026_public_test.json
case_5236,PARTIAL_A_WIN,15,Bộ luật tố tụng dân sự,Điều 228,Bộ luật tố tụng dân sự | Điều 228,"Ông Trần Văn C khởi kiện ông Dương Văn B (và bà Dương Thị L liên quan) về tranh chấp hụi, họ, phường. Hai bên có quan hệ chơi hai dây phường từ 07/7/2015 và 10/02/2016, có thỏa thuận tiền gốc và lãi, trách nhiệm trưởng p",17,ALQAC2026_public_test.json
case_5236,PARTIAL_A_WIN,16,Bộ luật tố tụng dân sự,Điều 271,Bộ luật tố tụng dân sự | Điều 271,"Ông Trần Văn C khởi kiện ông Dương Văn B (và bà Dương Thị L liên quan) về tranh chấp hụi, họ, phường. Hai bên có quan hệ chơi hai dây phường từ 07/7/2015 và 10/02/2016, có thỏa thuận tiền gốc và lãi, trách nhiệm trưởng p",17,ALQAC2026_public_test.json
case_5236,PARTIAL_A_WIN,17,Bộ luật tố tụng dân sự,Điều 273,Bộ luật tố tụng dân sự | Điều 273,"Ông Trần Văn C khởi kiện ông Dương Văn B (và bà Dương Thị L liên quan) về tranh chấp hụi, họ, phường. Hai bên có quan hệ chơi hai dây phường từ 07/7/2015 và 10/02/2016, có thỏa thuận tiền gốc và lãi, trách nhiệm trưởng p",17,ALQAC2026_public_test.json
case_6663,PARTIAL_A_WIN,1,Bộ luật Tố tụng dân sự,Điều 19,Bộ luật Tố tụng dân sự | Điều 19,"Ngân hàng TMCP T (TPBank) khởi kiện Công ty TNHH Thương mại dịch vụ vận tải H tranh chấp hợp đồng tín dụng đã ký cho vay theo hạn mức, kèm các hợp đồng thế chấp tài sản là các xe đầu kéo, sơ mi rơ mooc. Ngân hàng yêu cầu",23,ALQAC2026_public_test.json
case_6663,PARTIAL_A_WIN,2,Bộ luật Tố tụng dân sự,Điều 30 khoản 1,Bộ luật Tố tụng dân sự | Điều 30 khoản 1,"Ngân hàng TMCP T (TPBank) khởi kiện Công ty TNHH Thương mại dịch vụ vận tải H tranh chấp hợp đồng tín dụng đã ký cho vay theo hạn mức, kèm các hợp đồng thế chấp tài sản là các xe đầu kéo, sơ mi rơ mooc. Ngân hàng yêu cầu",23,ALQAC2026_public_test.json
case_6663,PARTIAL_A_WIN,3,Bộ luật Tố tụng dân sự,Điều 35 khoản 1 điểm b,Bộ luật Tố tụng dân sự | Điều 35 khoản 1 điểm b,"Ngân hàng TMCP T (TPBank) khởi kiện Công ty TNHH Thương mại dịch vụ vận tải H tranh chấp hợp đồng tín dụng đã ký cho vay theo hạn mức, kèm các hợp đồng thế chấp tài sản là các xe đầu kéo, sơ mi rơ mooc. Ngân hàng yêu cầu",23,ALQAC2026_public_test.json
case_6663,PARTIAL_A_WIN,4,Bộ luật Tố tụng dân sự,Điều 39 khoản 1 điểm a,Bộ luật Tố tụng dân sự | Điều 39 khoản 1 điểm a,"Ngân hàng TMCP T (TPBank) khởi kiện Công ty TNHH Thương mại dịch vụ vận tải H tranh chấp hợp đồng tín dụng đã ký cho vay theo hạn mức, kèm các hợp đồng thế chấp tài sản là các xe đầu kéo, sơ mi rơ mooc. Ngân hàng yêu cầu",23,ALQAC2026_public_test.json
case_6663,PARTIAL_A_WIN,5,Bộ luật Tố tụng dân sự,Điều 147,Bộ luật Tố tụng dân sự | Điều 147,"Ngân hàng TMCP T (TPBank) khởi kiện Công ty TNHH Thương mại dịch vụ vận tải H tranh chấp hợp đồng tín dụng đã ký cho vay theo hạn mức, kèm các hợp đồng thế chấp tài sản là các xe đầu kéo, sơ mi rơ mooc. Ngân hàng yêu cầu",23,ALQAC2026_public_test.json
case_6663,PARTIAL_A_WIN,6,Bộ luật Tố tụng dân sự,Điều 227 khoản 2,Bộ luật Tố tụng dân sự | Điều 227 khoản 2,"Ngân hàng TMCP T (TPBank) khởi kiện Công ty TNHH Thương mại dịch vụ vận tải H tranh chấp hợp đồng tín dụng đã ký cho vay theo hạn mức, kèm các hợp đồng thế chấp tài sản là các xe đầu kéo, sơ mi rơ mooc. Ngân hàng yêu cầu",23,ALQAC2026_public_test.json
case_6663,PARTIAL_A_WIN,7,Bộ luật Tố tụng dân sự,Điều 228 khoản 3,Bộ luật Tố tụng dân sự | Điều 228 khoản 3,"Ngân hàng TMCP T (TPBank) khởi kiện Công ty TNHH Thương mại dịch vụ vận tải H tranh chấp hợp đồng tín dụng đã ký cho vay theo hạn mức, kèm các hợp đồng thế chấp tài sản là các xe đầu kéo, sơ mi rơ mooc. Ngân hàng yêu cầu",23,ALQAC2026_public_test.json
case_6663,PARTIAL_A_WIN,8,Bộ luật Dân sự năm 2005,Điều 471,Bộ luật Dân sự năm 2005 | Điều 471,"Ngân hàng TMCP T (TPBank) khởi kiện Công ty TNHH Thương mại dịch vụ vận tải H tranh chấp hợp đồng tín dụng đã ký cho vay theo hạn mức, kèm các hợp đồng thế chấp tài sản là các xe đầu kéo, sơ mi rơ mooc. Ngân hàng yêu cầu",23,ALQAC2026_public_test.json
case_6663,PARTIAL_A_WIN,9,Bộ luật Dân sự năm 2005,Điều 473,Bộ luật Dân sự năm 2005 | Điều 473,"Ngân hàng TMCP T (TPBank) khởi kiện Công ty TNHH Thương mại dịch vụ vận tải H tranh chấp hợp đồng tín dụng đã ký cho vay theo hạn mức, kèm các hợp đồng thế chấp tài sản là các xe đầu kéo, sơ mi rơ mooc. Ngân hàng yêu cầu",23,ALQAC2026_public_test.json
case_6663,PARTIAL_A_WIN,10,Bộ luật Dân sự năm 2005,Điều 474,Bộ luật Dân sự năm 2005 | Điều 474,"Ngân hàng TMCP T (TPBank) khởi kiện Công ty TNHH Thương mại dịch vụ vận tải H tranh chấp hợp đồng tín dụng đã ký cho vay theo hạn mức, kèm các hợp đồng thế chấp tài sản là các xe đầu kéo, sơ mi rơ mooc. Ngân hàng yêu cầu",23,ALQAC2026_public_test.json
case_6663,PARTIAL_A_WIN,11,Bộ luật Dân sự năm 2005,Điều 476,Bộ luật Dân sự năm 2005 | Điều 476,"Ngân hàng TMCP T (TPBank) khởi kiện Công ty TNHH Thương mại dịch vụ vận tải H tranh chấp hợp đồng tín dụng đã ký cho vay theo hạn mức, kèm các hợp đồng thế chấp tài sản là các xe đầu kéo, sơ mi rơ mooc. Ngân hàng yêu cầu",23,ALQAC2026_public_test.json
case_6663,PARTIAL_A_WIN,12,Bộ luật Dân sự năm 2015,Điều 292,Bộ luật Dân sự năm 2015 | Điều 292,"Ngân hàng TMCP T (TPBank) khởi kiện Công ty TNHH Thương mại dịch vụ vận tải H tranh chấp hợp đồng tín dụng đã ký cho vay theo hạn mức, kèm các hợp đồng thế chấp tài sản là các xe đầu kéo, sơ mi rơ mooc. Ngân hàng yêu cầu",23,ALQAC2026_public_test.json
case_6663,PARTIAL_A_WIN,13,Bộ luật Dân sự năm 2015,Điều 299,Bộ luật Dân sự năm 2015 | Điều 299,"Ngân hàng TMCP T (TPBank) khởi kiện Công ty TNHH Thương mại dịch vụ vận tải H tranh chấp hợp đồng tín dụng đã ký cho vay theo hạn mức, kèm các hợp đồng thế chấp tài sản là các xe đầu kéo, sơ mi rơ mooc. Ngân hàng yêu cầu",23,ALQAC2026_public_test.json
case_6663,PARTIAL_A_WIN,14,Bộ luật Dân sự năm 2015,Điều 317,Bộ luật Dân sự năm 2015 | Điều 317,"Ngân hàng TMCP T (TPBank) khởi kiện Công ty TNHH Thương mại dịch vụ vận tải H tranh chấp hợp đồng tín dụng đã ký cho vay theo hạn mức, kèm các hợp đồng thế chấp tài sản là các xe đầu kéo, sơ mi rơ mooc. Ngân hàng yêu cầu",23,ALQAC2026_public_test.json
case_6663,PARTIAL_A_WIN,15,Bộ luật Dân sự năm 2015,Điều 320,Bộ luật Dân sự năm 2015 | Điều 320,"Ngân hàng TMCP T (TPBank) khởi kiện Công ty TNHH Thương mại dịch vụ vận tải H tranh chấp hợp đồng tín dụng đã ký cho vay theo hạn mức, kèm các hợp đồng thế chấp tài sản là các xe đầu kéo, sơ mi rơ mooc. Ngân hàng yêu cầu",23,ALQAC2026_public_test.json
case_6663,PARTIAL_A_WIN,16,Bộ luật Dân sự năm 2015,Điều 323,Bộ luật Dân sự năm 2015 | Điều 323,"Ngân hàng TMCP T (TPBank) khởi kiện Công ty TNHH Thương mại dịch vụ vận tải H tranh chấp hợp đồng tín dụng đã ký cho vay theo hạn mức, kèm các hợp đồng thế chấp tài sản là các xe đầu kéo, sơ mi rơ mooc. Ngân hàng yêu cầu",23,ALQAC2026_public_test.json
case_6663,PARTIAL_A_WIN,17,Bộ luật Dân sự năm 2015,Điều 463,Bộ luật Dân sự năm 2015 | Điều 463,"Ngân hàng TMCP T (TPBank) khởi kiện Công ty TNHH Thương mại dịch vụ vận tải H tranh chấp hợp đồng tín dụng đã ký cho vay theo hạn mức, kèm các hợp đồng thế chấp tài sản là các xe đầu kéo, sơ mi rơ mooc. Ngân hàng yêu cầu",23,ALQAC2026_public_test.json
case_6663,PARTIAL_A_WIN,18,Bộ luật Dân sự năm 2015,Điều 466,Bộ luật Dân sự năm 2015 | Điều 466,"Ngân hàng TMCP T (TPBank) khởi kiện Công ty TNHH Thương mại dịch vụ vận tải H tranh chấp hợp đồng tín dụng đã ký cho vay theo hạn mức, kèm các hợp đồng thế chấp tài sản là các xe đầu kéo, sơ mi rơ mooc. Ngân hàng yêu cầu",23,ALQAC2026_public_test.json
case_6663,PARTIAL_A_WIN,19,Bộ luật Dân sự năm 2015,Điều 468,Bộ luật Dân sự năm 2015 | Điều 468,"Ngân hàng TMCP T (TPBank) khởi kiện Công ty TNHH Thương mại dịch vụ vận tải H tranh chấp hợp đồng tín dụng đã ký cho vay theo hạn mức, kèm các hợp đồng thế chấp tài sản là các xe đầu kéo, sơ mi rơ mooc. Ngân hàng yêu cầu",23,ALQAC2026_public_test.json
case_6663,PARTIAL_A_WIN,20,Bộ luật Dân sự năm 2015,Điều 688 khoản 1,Bộ luật Dân sự năm 2015 | Điều 688 khoản 1,"Ngân hàng TMCP T (TPBank) khởi kiện Công ty TNHH Thương mại dịch vụ vận tải H tranh chấp hợp đồng tín dụng đã ký cho vay theo hạn mức, kèm các hợp đồng thế chấp tài sản là các xe đầu kéo, sơ mi rơ mooc. Ngân hàng yêu cầu",23,ALQAC2026_public_test.json
case_6663,PARTIAL_A_WIN,21,Luật các tổ chức tín dụng,Điều 91 khoản 2,Luật các tổ chức tín dụng | Điều 91 khoản 2,"Ngân hàng TMCP T (TPBank) khởi kiện Công ty TNHH Thương mại dịch vụ vận tải H tranh chấp hợp đồng tín dụng đã ký cho vay theo hạn mức, kèm các hợp đồng thế chấp tài sản là các xe đầu kéo, sơ mi rơ mooc. Ngân hàng yêu cầu",23,ALQAC2026_public_test.json
case_6663,PARTIAL_A_WIN,22,Luật các tổ chức tín dụng,Điều 95,Luật các tổ chức tín dụng | Điều 95,"Ngân hàng TMCP T (TPBank) khởi kiện Công ty TNHH Thương mại dịch vụ vận tải H tranh chấp hợp đồng tín dụng đã ký cho vay theo hạn mức, kèm các hợp đồng thế chấp tài sản là các xe đầu kéo, sơ mi rơ mooc. Ngân hàng yêu cầu",23,ALQAC2026_public_test.json
case_6663,PARTIAL_A_WIN,23,"Nghị quyết 326/2016/UBTVQH14 ngày 30/12/2016 của Ủy ban thường vụ Quốc hội nước Cộng hòa xã hội chủ nghĩa Việt Nam quy định về mức thu, miễn, giảm, nộp, quản lý và sử dụng án phí và lệ phí Tòa án","Điều 26 khoản 1, 2","Nghị quyết 326/2016/UBTVQH14 ngày 30/12/2016 của Ủy ban thường vụ Quốc hội nước Cộng hòa xã hội chủ nghĩa Việt Nam quy định về mức thu, miễn, giảm, nộp, quản lý và sử dụng án phí và lệ phí Tòa án | Điều 26 khoản 1, 2","Ngân hàng TMCP T (TPBank) khởi kiện Công ty TNHH Thương mại dịch vụ vận tải H tranh chấp hợp đồng tín dụng đã ký cho vay theo hạn mức, kèm các hợp đồng thế chấp tài sản là các xe đầu kéo, sơ mi rơ mooc. Ngân hàng yêu cầu",23,ALQAC2026_public_test.json
case_8732,PARTIAL_A_WIN,1,Bộ luật dân sự năm 2005,Điều 471,Bộ luật dân sự năm 2005 | Điều 471,"Chị Phạm Thị O kiện bà Đặng Thị N (có bà Đặng Thị H liên quan) về tranh chấp hợp đồng vay tài sản, thể hiện qua giấy biên nhận vay và thỏa thuận thế chấp quyền sử dụng đất. Nguyên đơn yêu cầu buộc bị đơn trả số tiền gốc",8,ALQAC2026_public_test.json
case_8732,PARTIAL_A_WIN,2,Bộ luật dân sự năm 2005,Điều 473,Bộ luật dân sự năm 2005 | Điều 473,"Chị Phạm Thị O kiện bà Đặng Thị N (có bà Đặng Thị H liên quan) về tranh chấp hợp đồng vay tài sản, thể hiện qua giấy biên nhận vay và thỏa thuận thế chấp quyền sử dụng đất. Nguyên đơn yêu cầu buộc bị đơn trả số tiền gốc",8,ALQAC2026_public_test.json
case_8732,PARTIAL_A_WIN,3,Bộ luật dân sự năm 2005,Điều 474,Bộ luật dân sự năm 2005 | Điều 474,"Chị Phạm Thị O kiện bà Đặng Thị N (có bà Đặng Thị H liên quan) về tranh chấp hợp đồng vay tài sản, thể hiện qua giấy biên nhận vay và thỏa thuận thế chấp quyền sử dụng đất. Nguyên đơn yêu cầu buộc bị đơn trả số tiền gốc",8,ALQAC2026_public_test.json
case_8732,PARTIAL_A_WIN,4,Bộ luật dân sự năm 2005,Điều 476,Bộ luật dân sự năm 2005 | Điều 476,"Chị Phạm Thị O kiện bà Đặng Thị N (có bà Đặng Thị H liên quan) về tranh chấp hợp đồng vay tài sản, thể hiện qua giấy biên nhận vay và thỏa thuận thế chấp quyền sử dụng đất. Nguyên đơn yêu cầu buộc bị đơn trả số tiền gốc",8,ALQAC2026_public_test.json
case_8732,PARTIAL_A_WIN,5,Bộ luật dân sự năm 2005,Điều 477,Bộ luật dân sự năm 2005 | Điều 477,"Chị Phạm Thị O kiện bà Đặng Thị N (có bà Đặng Thị H liên quan) về tranh chấp hợp đồng vay tài sản, thể hiện qua giấy biên nhận vay và thỏa thuận thế chấp quyền sử dụng đất. Nguyên đơn yêu cầu buộc bị đơn trả số tiền gốc",8,ALQAC2026_public_test.json
case_8732,PARTIAL_A_WIN,6,Bộ luật dân sự năm 2005,Điều 478,Bộ luật dân sự năm 2005 | Điều 478,"Chị Phạm Thị O kiện bà Đặng Thị N (có bà Đặng Thị H liên quan) về tranh chấp hợp đồng vay tài sản, thể hiện qua giấy biên nhận vay và thỏa thuận thế chấp quyền sử dụng đất. Nguyên đơn yêu cầu buộc bị đơn trả số tiền gốc",8,ALQAC2026_public_test.json
case_8732,PARTIAL_A_WIN,7,Bộ luật dân sự năm 2015,Điều 357,Bộ luật dân sự năm 2015 | Điều 357,"Chị Phạm Thị O kiện bà Đặng Thị N (có bà Đặng Thị H liên quan) về tranh chấp hợp đồng vay tài sản, thể hiện qua giấy biên nhận vay và thỏa thuận thế chấp quyền sử dụng đất. Nguyên đơn yêu cầu buộc bị đơn trả số tiền gốc",8,ALQAC2026_public_test.json
case_8732,PARTIAL_A_WIN,8,Bộ luật dân sự năm 2015,Điều 468,Bộ luật dân sự năm 2015 | Điều 468,"Chị Phạm Thị O kiện bà Đặng Thị N (có bà Đặng Thị H liên quan) về tranh chấp hợp đồng vay tài sản, thể hiện qua giấy biên nhận vay và thỏa thuận thế chấp quyền sử dụng đất. Nguyên đơn yêu cầu buộc bị đơn trả số tiền gốc",8,ALQAC2026_public_test.json
case_4861,PARTIAL_B_WIN,1,Bộ luật Tố tụng Dân sự,Điều 35 khoản 3,Bộ luật Tố tụng Dân sự | Điều 35 khoản 3,"Nguyên đơn ông Nguyễn Văn N tranh chấp với các bị đơn ông Nguyễn Văn H và ông Nguyễn Văn S, cùng những người liên quan trong quan hệ thừa kế. Vấn đề là quyền sử dụng đất 2.505m2 tại thửa 14, tờ bản đồ 28 xã T, huyện K và",14,ALQAC2026_public_test.json
case_4861,PARTIAL_B_WIN,2,Bộ luật Tố tụng Dân sự,Điều 37 khoản 1,Bộ luật Tố tụng Dân sự | Điều 37 khoản 1,"Nguyên đơn ông Nguyễn Văn N tranh chấp với các bị đơn ông Nguyễn Văn H và ông Nguyễn Văn S, cùng những người liên quan trong quan hệ thừa kế. Vấn đề là quyền sử dụng đất 2.505m2 tại thửa 14, tờ bản đồ 28 xã T, huyện K và",14,ALQAC2026_public_test.json
case_4861,PARTIAL_B_WIN,3,Bộ luật Tố tụng Dân sự,Điều 147,Bộ luật Tố tụng Dân sự | Điều 147,"Nguyên đơn ông Nguyễn Văn N tranh chấp với các bị đơn ông Nguyễn Văn H và ông Nguyễn Văn S, cùng những người liên quan trong quan hệ thừa kế. Vấn đề là quyền sử dụng đất 2.505m2 tại thửa 14, tờ bản đồ 28 xã T, huyện K và",14,ALQAC2026_public_test.json
case_4861,PARTIAL_B_WIN,4,Bộ luật Dân sự,Điều 649,Bộ luật Dân sự | Điều 649,"Nguyên đơn ông Nguyễn Văn N tranh chấp với các bị đơn ông Nguyễn Văn H và ông Nguyễn Văn S, cùng những người liên quan trong quan hệ thừa kế. Vấn đề là quyền sử dụng đất 2.505m2 tại thửa 14, tờ bản đồ 28 xã T, huyện K và",14,ALQAC2026_public_test.json
case_4861,PARTIAL_B_WIN,5,Bộ luật Dân sự,Điều 650,Bộ luật Dân sự | Điều 650,"Nguyên đơn ông Nguyễn Văn N tranh chấp với các bị đơn ông Nguyễn Văn H và ông Nguyễn Văn S, cùng những người liên quan trong quan hệ thừa kế. Vấn đề là quyền sử dụng đất 2.505m2 tại thửa 14, tờ bản đồ 28 xã T, huyện K và",14,ALQAC2026_public_test.json
case_4861,PARTIAL_B_WIN,6,Bộ luật Dân sự,Điều 651,Bộ luật Dân sự | Điều 651,"Nguyên đơn ông Nguyễn Văn N tranh chấp với các bị đơn ông Nguyễn Văn H và ông Nguyễn Văn S, cùng những người liên quan trong quan hệ thừa kế. Vấn đề là quyền sử dụng đất 2.505m2 tại thửa 14, tờ bản đồ 28 xã T, huyện K và",14,ALQAC2026_public_test.json
case_4861,PARTIAL_B_WIN,7,Bộ luật Dân sự,Điều 658,Bộ luật Dân sự | Điều 658,"Nguyên đơn ông Nguyễn Văn N tranh chấp với các bị đơn ông Nguyễn Văn H và ông Nguyễn Văn S, cùng những người liên quan trong quan hệ thừa kế. Vấn đề là quyền sử dụng đất 2.505m2 tại thửa 14, tờ bản đồ 28 xã T, huyện K và",14,ALQAC2026_public_test.json
case_4861,PARTIAL_B_WIN,8,Bộ luật Dân sự,Điều 660,Bộ luật Dân sự | Điều 660,"Nguyên đơn ông Nguyễn Văn N tranh chấp với các bị đơn ông Nguyễn Văn H và ông Nguyễn Văn S, cùng những người liên quan trong quan hệ thừa kế. Vấn đề là quyền sử dụng đất 2.505m2 tại thửa 14, tờ bản đồ 28 xã T, huyện K và",14,ALQAC2026_public_test.json
case_4861,PARTIAL_B_WIN,9,Luật Hôn nhân và Gia đình,Điều 33,Luật Hôn nhân và Gia đình | Điều 33,"Nguyên đơn ông Nguyễn Văn N tranh chấp với các bị đơn ông Nguyễn Văn H và ông Nguyễn Văn S, cùng những người liên quan trong quan hệ thừa kế. Vấn đề là quyền sử dụng đất 2.505m2 tại thửa 14, tờ bản đồ 28 xã T, huyện K và",14,ALQAC2026_public_test.json
case_4861,PARTIAL_B_WIN,10,Luật Hôn nhân và Gia đình,Điều 59,Luật Hôn nhân và Gia đình | Điều 59,"Nguyên đơn ông Nguyễn Văn N tranh chấp với các bị đơn ông Nguyễn Văn H và ông Nguyễn Văn S, cùng những người liên quan trong quan hệ thừa kế. Vấn đề là quyền sử dụng đất 2.505m2 tại thửa 14, tờ bản đồ 28 xã T, huyện K và",14,ALQAC2026_public_test.json
case_4861,PARTIAL_B_WIN,11,Luật đất đai 2013,Điều 5,Luật đất đai 2013 | Điều 5,"Nguyên đơn ông Nguyễn Văn N tranh chấp với các bị đơn ông Nguyễn Văn H và ông Nguyễn Văn S, cùng những người liên quan trong quan hệ thừa kế. Vấn đề là quyền sử dụng đất 2.505m2 tại thửa 14, tờ bản đồ 28 xã T, huyện K và",14,ALQAC2026_public_test.json
case_4861,PARTIAL_B_WIN,12,Luật đất đai 2013,Điều 100,Luật đất đai 2013 | Điều 100,"Nguyên đơn ông Nguyễn Văn N tranh chấp với các bị đơn ông Nguyễn Văn H và ông Nguyễn Văn S, cùng những người liên quan trong quan hệ thừa kế. Vấn đề là quyền sử dụng đất 2.505m2 tại thửa 14, tờ bản đồ 28 xã T, huyện K và",14,ALQAC2026_public_test.json
case_4861,PARTIAL_B_WIN,13,"Nghị quyết số 326/2016/UBTVQH14 ngày 30-12-2016 của Ủy ban Thường vụ Quốc hội về mức thu, miễn, giảm, thu, nộp, quản lý và sử dụng án phí và lệ phí Tòa án",Điều 12,"Nghị quyết số 326/2016/UBTVQH14 ngày 30-12-2016 của Ủy ban Thường vụ Quốc hội về mức thu, miễn, giảm, thu, nộp, quản lý và sử dụng án phí và lệ phí Tòa án | Điều 12","Nguyên đơn ông Nguyễn Văn N tranh chấp với các bị đơn ông Nguyễn Văn H và ông Nguyễn Văn S, cùng những người liên quan trong quan hệ thừa kế. Vấn đề là quyền sử dụng đất 2.505m2 tại thửa 14, tờ bản đồ 28 xã T, huyện K và",14,ALQAC2026_public_test.json
case_4861,PARTIAL_B_WIN,14,"Nghị quyết số 326/2016/UBTVQH14 ngày 30-12-2016 của Ủy ban Thường vụ Quốc hội về mức thu, miễn, giảm, thu, nộp, quản lý và sử dụng án phí và lệ phí Tòa án",Điều 27 khoản 7,"Nghị quyết số 326/2016/UBTVQH14 ngày 30-12-2016 của Ủy ban Thường vụ Quốc hội về mức thu, miễn, giảm, thu, nộp, quản lý và sử dụng án phí và lệ phí Tòa án | Điều 27 khoản 7","Nguyên đơn ông Nguyễn Văn N tranh chấp với các bị đơn ông Nguyễn Văn H và ông Nguyễn Văn S, cùng những người liên quan trong quan hệ thừa kế. Vấn đề là quyền sử dụng đất 2.505m2 tại thửa 14, tờ bản đồ 28 xã T, huyện K và",14,ALQAC2026_public_test.json
case_3241,PARTIAL_A_WIN,1,Bộ luật Tố tụng dân sự,Điều 30,Bộ luật Tố tụng dân sự | Điều 30,"Ngân hàng B khởi kiện bà Nguyễn Thị H, ông Nguyễn Văn S và con trai anh Nguyễn Thanh B về tranh chấp hợp đồng tín dụng và hợp đồng thế chấp quyền sử dụng đất, tài sản gắn liền. Ngân hàng yêu cầu buộc trả nợ gốc, lãi đến",18,ALQAC2026_public_test.json
case_3241,PARTIAL_A_WIN,2,Bộ luật Tố tụng dân sự,Điều 35,Bộ luật Tố tụng dân sự | Điều 35,"Ngân hàng B khởi kiện bà Nguyễn Thị H, ông Nguyễn Văn S và con trai anh Nguyễn Thanh B về tranh chấp hợp đồng tín dụng và hợp đồng thế chấp quyền sử dụng đất, tài sản gắn liền. Ngân hàng yêu cầu buộc trả nợ gốc, lãi đến",18,ALQAC2026_public_test.json
case_3241,PARTIAL_A_WIN,3,Bộ luật Tố tụng dân sự,Điều 39,Bộ luật Tố tụng dân sự | Điều 39,"Ngân hàng B khởi kiện bà Nguyễn Thị H, ông Nguyễn Văn S và con trai anh Nguyễn Thanh B về tranh chấp hợp đồng tín dụng và hợp đồng thế chấp quyền sử dụng đất, tài sản gắn liền. Ngân hàng yêu cầu buộc trả nợ gốc, lãi đến",18,ALQAC2026_public_test.json
case_3241,PARTIAL_A_WIN,4,Bộ luật Tố tụng dân sự,Điều 147 khoản 1,Bộ luật Tố tụng dân sự | Điều 147 khoản 1,"Ngân hàng B khởi kiện bà Nguyễn Thị H, ông Nguyễn Văn S và con trai anh Nguyễn Thanh B về tranh chấp hợp đồng tín dụng và hợp đồng thế chấp quyền sử dụng đất, tài sản gắn liền. Ngân hàng yêu cầu buộc trả nợ gốc, lãi đến",18,ALQAC2026_public_test.json
case_3241,PARTIAL_A_WIN,5,Bộ luật Tố tụng dân sự,Điều 227 khoản 2,Bộ luật Tố tụng dân sự | Điều 227 khoản 2,"Ngân hàng B khởi kiện bà Nguyễn Thị H, ông Nguyễn Văn S và con trai anh Nguyễn Thanh B về tranh chấp hợp đồng tín dụng và hợp đồng thế chấp quyền sử dụng đất, tài sản gắn liền. Ngân hàng yêu cầu buộc trả nợ gốc, lãi đến",18,ALQAC2026_public_test.json
case_3241,PARTIAL_A_WIN,6,Bộ luật Tố tụng dân sự,Điều 266,Bộ luật Tố tụng dân sự | Điều 266,"Ngân hàng B khởi kiện bà Nguyễn Thị H, ông Nguyễn Văn S và con trai anh Nguyễn Thanh B về tranh chấp hợp đồng tín dụng và hợp đồng thế chấp quyền sử dụng đất, tài sản gắn liền. Ngân hàng yêu cầu buộc trả nợ gốc, lãi đến",18,ALQAC2026_public_test.json
case_3241,PARTIAL_A_WIN,7,Bộ luật Dân sự năm 2015,Điều 40,Bộ luật Dân sự năm 2015 | Điều 40,"Ngân hàng B khởi kiện bà Nguyễn Thị H, ông Nguyễn Văn S và con trai anh Nguyễn Thanh B về tranh chấp hợp đồng tín dụng và hợp đồng thế chấp quyền sử dụng đất, tài sản gắn liền. Ngân hàng yêu cầu buộc trả nợ gốc, lãi đến",18,ALQAC2026_public_test.json
case_3241,PARTIAL_A_WIN,8,Bộ luật Dân sự năm 2015,Điều 295,Bộ luật Dân sự năm 2015 | Điều 295,"Ngân hàng B khởi kiện bà Nguyễn Thị H, ông Nguyễn Văn S và con trai anh Nguyễn Thanh B về tranh chấp hợp đồng tín dụng và hợp đồng thế chấp quyền sử dụng đất, tài sản gắn liền. Ngân hàng yêu cầu buộc trả nợ gốc, lãi đến",18,ALQAC2026_public_test.json
case_3241,PARTIAL_A_WIN,9,Bộ luật Dân sự năm 2015,Điều 298,Bộ luật Dân sự năm 2015 | Điều 298,"Ngân hàng B khởi kiện bà Nguyễn Thị H, ông Nguyễn Văn S và con trai anh Nguyễn Thanh B về tranh chấp hợp đồng tín dụng và hợp đồng thế chấp quyền sử dụng đất, tài sản gắn liền. Ngân hàng yêu cầu buộc trả nợ gốc, lãi đến",18,ALQAC2026_public_test.json
case_3241,PARTIAL_A_WIN,10,Bộ luật Dân sự năm 2015,Điều 299,Bộ luật Dân sự năm 2015 | Điều 299,"Ngân hàng B khởi kiện bà Nguyễn Thị H, ông Nguyễn Văn S và con trai anh Nguyễn Thanh B về tranh chấp hợp đồng tín dụng và hợp đồng thế chấp quyền sử dụng đất, tài sản gắn liền. Ngân hàng yêu cầu buộc trả nợ gốc, lãi đến",18,ALQAC2026_public_test.json
case_3241,PARTIAL_A_WIN,11,Bộ luật Dân sự năm 2015,Điều 301,Bộ luật Dân sự năm 2015 | Điều 301,"Ngân hàng B khởi kiện bà Nguyễn Thị H, ông Nguyễn Văn S và con trai anh Nguyễn Thanh B về tranh chấp hợp đồng tín dụng và hợp đồng thế chấp quyền sử dụng đất, tài sản gắn liền. Ngân hàng yêu cầu buộc trả nợ gốc, lãi đến",18,ALQAC2026_public_test.json
case_3241,PARTIAL_A_WIN,12,Bộ luật Dân sự năm 2015,Điều 302,Bộ luật Dân sự năm 2015 | Điều 302,"Ngân hàng B khởi kiện bà Nguyễn Thị H, ông Nguyễn Văn S và con trai anh Nguyễn Thanh B về tranh chấp hợp đồng tín dụng và hợp đồng thế chấp quyền sử dụng đất, tài sản gắn liền. Ngân hàng yêu cầu buộc trả nợ gốc, lãi đến",18,ALQAC2026_public_test.json
case_3241,PARTIAL_A_WIN,13,Bộ luật Dân sự năm 2015,Điều 317,Bộ luật Dân sự năm 2015 | Điều 317,"Ngân hàng B khởi kiện bà Nguyễn Thị H, ông Nguyễn Văn S và con trai anh Nguyễn Thanh B về tranh chấp hợp đồng tín dụng và hợp đồng thế chấp quyền sử dụng đất, tài sản gắn liền. Ngân hàng yêu cầu buộc trả nợ gốc, lãi đến",18,ALQAC2026_public_test.json
case_3241,PARTIAL_A_WIN,14,Bộ luật Dân sự năm 2015,Điều 319,Bộ luật Dân sự năm 2015 | Điều 319,"Ngân hàng B khởi kiện bà Nguyễn Thị H, ông Nguyễn Văn S và con trai anh Nguyễn Thanh B về tranh chấp hợp đồng tín dụng và hợp đồng thế chấp quyền sử dụng đất, tài sản gắn liền. Ngân hàng yêu cầu buộc trả nợ gốc, lãi đến",18,ALQAC2026_public_test.json
case_3241,PARTIAL_A_WIN,15,Bộ luật Dân sự năm 2015,Điều 320 khoản 6,Bộ luật Dân sự năm 2015 | Điều 320 khoản 6,"Ngân hàng B khởi kiện bà Nguyễn Thị H, ông Nguyễn Văn S và con trai anh Nguyễn Thanh B về tranh chấp hợp đồng tín dụng và hợp đồng thế chấp quyền sử dụng đất, tài sản gắn liền. Ngân hàng yêu cầu buộc trả nợ gốc, lãi đến",18,ALQAC2026_public_test.json
case_3241,PARTIAL_A_WIN,16,Bộ luật Dân sự năm 2015,Điều 463,Bộ luật Dân sự năm 2015 | Điều 463,"Ngân hàng B khởi kiện bà Nguyễn Thị H, ông Nguyễn Văn S và con trai anh Nguyễn Thanh B về tranh chấp hợp đồng tín dụng và hợp đồng thế chấp quyền sử dụng đất, tài sản gắn liền. Ngân hàng yêu cầu buộc trả nợ gốc, lãi đến",18,ALQAC2026_public_test.json
case_3241,PARTIAL_A_WIN,17,Bộ luật Dân sự năm 2015,Điều 466,Bộ luật Dân sự năm 2015 | Điều 466,"Ngân hàng B khởi kiện bà Nguyễn Thị H, ông Nguyễn Văn S và con trai anh Nguyễn Thanh B về tranh chấp hợp đồng tín dụng và hợp đồng thế chấp quyền sử dụng đất, tài sản gắn liền. Ngân hàng yêu cầu buộc trả nợ gốc, lãi đến",18,ALQAC2026_public_test.json
case_3241,PARTIAL_A_WIN,18,Bộ luật Dân sự năm 2015,Điều 468,Bộ luật Dân sự năm 2015 | Điều 468,"Ngân hàng B khởi kiện bà Nguyễn Thị H, ông Nguyễn Văn S và con trai anh Nguyễn Thanh B về tranh chấp hợp đồng tín dụng và hợp đồng thế chấp quyền sử dụng đất, tài sản gắn liền. Ngân hàng yêu cầu buộc trả nợ gốc, lãi đến",18,ALQAC2026_public_test.json
case_1087,PARTIAL_A_WIN,1,Bộ luật dân sự năm 2005,Điều 298,Bộ luật dân sự năm 2005 | Điều 298,Bà Ngô Thị X khởi kiện vợ chồng ông Phạm Đức Tr và bà Trần Thị G về tranh chấp bồi thường thiệt hại ngoài hợp đồng do tài sản bị xâm phạm. Cụ thể căn nhà và giếng đào trên diện tích bà X nhận chuyển nhượng bằng giấy tay.,10,ALQAC2026_public_test.json
case_1087,PARTIAL_A_WIN,2,Bộ luật dân sự năm 2005,Điều 604,Bộ luật dân sự năm 2005 | Điều 604,Bà Ngô Thị X khởi kiện vợ chồng ông Phạm Đức Tr và bà Trần Thị G về tranh chấp bồi thường thiệt hại ngoài hợp đồng do tài sản bị xâm phạm. Cụ thể căn nhà và giếng đào trên diện tích bà X nhận chuyển nhượng bằng giấy tay.,10,ALQAC2026_public_test.json
case_1087,PARTIAL_A_WIN,3,Bộ luật dân sự năm 2005,Điều 605,Bộ luật dân sự năm 2005 | Điều 605,Bà Ngô Thị X khởi kiện vợ chồng ông Phạm Đức Tr và bà Trần Thị G về tranh chấp bồi thường thiệt hại ngoài hợp đồng do tài sản bị xâm phạm. Cụ thể căn nhà và giếng đào trên diện tích bà X nhận chuyển nhượng bằng giấy tay.,10,ALQAC2026_public_test.json
case_1087,PARTIAL_A_WIN,4,Bộ luật dân sự năm 2005,Điều 606,Bộ luật dân sự năm 2005 | Điều 606,Bà Ngô Thị X khởi kiện vợ chồng ông Phạm Đức Tr và bà Trần Thị G về tranh chấp bồi thường thiệt hại ngoài hợp đồng do tài sản bị xâm phạm. Cụ thể căn nhà và giếng đào trên diện tích bà X nhận chuyển nhượng bằng giấy tay.,10,ALQAC2026_public_test.json
case_1087,PARTIAL_A_WIN,5,Bộ luật dân sự năm 2005,Điều 608,Bộ luật dân sự năm 2005 | Điều 608,Bà Ngô Thị X khởi kiện vợ chồng ông Phạm Đức Tr và bà Trần Thị G về tranh chấp bồi thường thiệt hại ngoài hợp đồng do tài sản bị xâm phạm. Cụ thể căn nhà và giếng đào trên diện tích bà X nhận chuyển nhượng bằng giấy tay.,10,ALQAC2026_public_test.json
case_1087,PARTIAL_A_WIN,6,Bộ luật dân sự năm 2015,Điều 357,Bộ luật dân sự năm 2015 | Điều 357,Bà Ngô Thị X khởi kiện vợ chồng ông Phạm Đức Tr và bà Trần Thị G về tranh chấp bồi thường thiệt hại ngoài hợp đồng do tài sản bị xâm phạm. Cụ thể căn nhà và giếng đào trên diện tích bà X nhận chuyển nhượng bằng giấy tay.,10,ALQAC2026_public_test.json
case_1087,PARTIAL_A_WIN,7,Bộ luật dân sự năm 2015,Điều 468 khoản 2,Bộ luật dân sự năm 2015 | Điều 468 khoản 2,Bà Ngô Thị X khởi kiện vợ chồng ông Phạm Đức Tr và bà Trần Thị G về tranh chấp bồi thường thiệt hại ngoài hợp đồng do tài sản bị xâm phạm. Cụ thể căn nhà và giếng đào trên diện tích bà X nhận chuyển nhượng bằng giấy tay.,10,ALQAC2026_public_test.json
case_1087,PARTIAL_A_WIN,8,Bộ luật tố tụng dân sự năm 2015,Điều 157,Bộ luật tố tụng dân sự năm 2015 | Điều 157,Bà Ngô Thị X khởi kiện vợ chồng ông Phạm Đức Tr và bà Trần Thị G về tranh chấp bồi thường thiệt hại ngoài hợp đồng do tài sản bị xâm phạm. Cụ thể căn nhà và giếng đào trên diện tích bà X nhận chuyển nhượng bằng giấy tay.,10,ALQAC2026_public_test.json
case_1087,PARTIAL_A_WIN,9,Bộ luật tố tụng dân sự năm 2015,Điều 164,Bộ luật tố tụng dân sự năm 2015 | Điều 164,Bà Ngô Thị X khởi kiện vợ chồng ông Phạm Đức Tr và bà Trần Thị G về tranh chấp bồi thường thiệt hại ngoài hợp đồng do tài sản bị xâm phạm. Cụ thể căn nhà và giếng đào trên diện tích bà X nhận chuyển nhượng bằng giấy tay.,10,ALQAC2026_public_test.json
case_1087,PARTIAL_A_WIN,10,"Pháp lệnh số 10/2009/UBTVQH12 ngày 27/02/2009 quy định về án phí, lệ phí Tòa án",Điều 27 khoản 4,"Pháp lệnh số 10/2009/UBTVQH12 ngày 27/02/2009 quy định về án phí, lệ phí Tòa án | Điều 27 khoản 4",Bà Ngô Thị X khởi kiện vợ chồng ông Phạm Đức Tr và bà Trần Thị G về tranh chấp bồi thường thiệt hại ngoài hợp đồng do tài sản bị xâm phạm. Cụ thể căn nhà và giếng đào trên diện tích bà X nhận chuyển nhượng bằng giấy tay.,10,ALQAC2026_public_test.json
case_9052,PARTIAL_A_WIN,1,Bộ luật tố tụng dân sự,Điều 37 khoản 1 điểm c,Bộ luật tố tụng dân sự | Điều 37 khoản 1 điểm c,"Bà Lâm Thị P kiện tranh chấp quyền sử dụng đất với bà Trần Ánh H (và bà Thạch Thị H) liên quan diện tích 1.370m2 thửa 521 tờ bản đồ số 4 tại ấp S, xã L, huyện C, tỉnh Trà Vinh. Nguyên đơn yêu cầu hủy giấy chứng nhận đã c",7,ALQAC2026_public_test.json
case_9052,PARTIAL_A_WIN,2,Bộ luật tố tụng dân sự,Điều 147,Bộ luật tố tụng dân sự | Điều 147,"Bà Lâm Thị P kiện tranh chấp quyền sử dụng đất với bà Trần Ánh H (và bà Thạch Thị H) liên quan diện tích 1.370m2 thửa 521 tờ bản đồ số 4 tại ấp S, xã L, huyện C, tỉnh Trà Vinh. Nguyên đơn yêu cầu hủy giấy chứng nhận đã c",7,ALQAC2026_public_test.json
case_9052,PARTIAL_A_WIN,3,Luật đất đai năm 2003,Điều 50,Luật đất đai năm 2003 | Điều 50,"Bà Lâm Thị P kiện tranh chấp quyền sử dụng đất với bà Trần Ánh H (và bà Thạch Thị H) liên quan diện tích 1.370m2 thửa 521 tờ bản đồ số 4 tại ấp S, xã L, huyện C, tỉnh Trà Vinh. Nguyên đơn yêu cầu hủy giấy chứng nhận đã c",7,ALQAC2026_public_test.json
case_9052,PARTIAL_A_WIN,4,Luật đất đai năm 2003,Điều 105,Luật đất đai năm 2003 | Điều 105,"Bà Lâm Thị P kiện tranh chấp quyền sử dụng đất với bà Trần Ánh H (và bà Thạch Thị H) liên quan diện tích 1.370m2 thửa 521 tờ bản đồ số 4 tại ấp S, xã L, huyện C, tỉnh Trà Vinh. Nguyên đơn yêu cầu hủy giấy chứng nhận đã c",7,ALQAC2026_public_test.json
case_9052,PARTIAL_A_WIN,5,Luật đất đai năm 2013,Điều 166,Luật đất đai năm 2013 | Điều 166,"Bà Lâm Thị P kiện tranh chấp quyền sử dụng đất với bà Trần Ánh H (và bà Thạch Thị H) liên quan diện tích 1.370m2 thửa 521 tờ bản đồ số 4 tại ấp S, xã L, huyện C, tỉnh Trà Vinh. Nguyên đơn yêu cầu hủy giấy chứng nhận đã c",7,ALQAC2026_public_test.json
case_9052,PARTIAL_A_WIN,6,Luật đất đai năm 2013,Điều 167,Luật đất đai năm 2013 | Điều 167,"Bà Lâm Thị P kiện tranh chấp quyền sử dụng đất với bà Trần Ánh H (và bà Thạch Thị H) liên quan diện tích 1.370m2 thửa 521 tờ bản đồ số 4 tại ấp S, xã L, huyện C, tỉnh Trà Vinh. Nguyên đơn yêu cầu hủy giấy chứng nhận đã c",7,ALQAC2026_public_test.json
case_9052,PARTIAL_A_WIN,7,"Pháp lệnh án phí, lệ phí Tòa án của Ủy ban thường vụ Quốc Hội số 10/2009/PL-UBTVQH10 ngày 27 tháng 02 năm 2009",,"Pháp lệnh án phí, lệ phí Tòa án của Ủy ban thường vụ Quốc Hội số 10/2009/PL-UBTVQH10 ngày 27 tháng 02 năm 2009","Bà Lâm Thị P kiện tranh chấp quyền sử dụng đất với bà Trần Ánh H (và bà Thạch Thị H) liên quan diện tích 1.370m2 thửa 521 tờ bản đồ số 4 tại ấp S, xã L, huyện C, tỉnh Trà Vinh. Nguyên đơn yêu cầu hủy giấy chứng nhận đã c",7,ALQAC2026_public_test.json
case_5160,PARTIAL_A_WIN,1,Bộ luật Tố tụng dân sự,Điều 26,Bộ luật Tố tụng dân sự | Điều 26,Ông Trần Đình H và bà Hoàng Thị T tranh chấp di sản thừa kế với bà Phùng Thị L cùng các con; đồng thời liên quan phần đất 2.325m² bị cắt 180m² chuyển nhượng để trả nợ và phần còn lại. Nguyên đơn yêu cầu chia di sản theo,16,ALQAC2026_public_test.json
case_5160,PARTIAL_A_WIN,2,Bộ luật Tố tụng dân sự,Điều 35,Bộ luật Tố tụng dân sự | Điều 35,Ông Trần Đình H và bà Hoàng Thị T tranh chấp di sản thừa kế với bà Phùng Thị L cùng các con; đồng thời liên quan phần đất 2.325m² bị cắt 180m² chuyển nhượng để trả nợ và phần còn lại. Nguyên đơn yêu cầu chia di sản theo,16,ALQAC2026_public_test.json
case_5160,PARTIAL_A_WIN,3,Bộ luật Tố tụng dân sự,Điều 266,Bộ luật Tố tụng dân sự | Điều 266,Ông Trần Đình H và bà Hoàng Thị T tranh chấp di sản thừa kế với bà Phùng Thị L cùng các con; đồng thời liên quan phần đất 2.325m² bị cắt 180m² chuyển nhượng để trả nợ và phần còn lại. Nguyên đơn yêu cầu chia di sản theo,16,ALQAC2026_public_test.json
case_5160,PARTIAL_A_WIN,4,Bộ luật Dân sự 2015,Điều 221 khoản 2,Bộ luật Dân sự 2015 | Điều 221 khoản 2,Ông Trần Đình H và bà Hoàng Thị T tranh chấp di sản thừa kế với bà Phùng Thị L cùng các con; đồng thời liên quan phần đất 2.325m² bị cắt 180m² chuyển nhượng để trả nợ và phần còn lại. Nguyên đơn yêu cầu chia di sản theo,16,ALQAC2026_public_test.json
case_5160,PARTIAL_A_WIN,5,Bộ luật Dân sự 2015,Điều 223,Bộ luật Dân sự 2015 | Điều 223,Ông Trần Đình H và bà Hoàng Thị T tranh chấp di sản thừa kế với bà Phùng Thị L cùng các con; đồng thời liên quan phần đất 2.325m² bị cắt 180m² chuyển nhượng để trả nợ và phần còn lại. Nguyên đơn yêu cầu chia di sản theo,16,ALQAC2026_public_test.json
case_5160,PARTIAL_A_WIN,6,Bộ luật Dân sự 2015,Điều 500,Bộ luật Dân sự 2015 | Điều 500,Ông Trần Đình H và bà Hoàng Thị T tranh chấp di sản thừa kế với bà Phùng Thị L cùng các con; đồng thời liên quan phần đất 2.325m² bị cắt 180m² chuyển nhượng để trả nợ và phần còn lại. Nguyên đơn yêu cầu chia di sản theo,16,ALQAC2026_public_test.json
case_5160,PARTIAL_A_WIN,7,Bộ luật Dân sự 2015,Điều 503,Bộ luật Dân sự 2015 | Điều 503,Ông Trần Đình H và bà Hoàng Thị T tranh chấp di sản thừa kế với bà Phùng Thị L cùng các con; đồng thời liên quan phần đất 2.325m² bị cắt 180m² chuyển nhượng để trả nợ và phần còn lại. Nguyên đơn yêu cầu chia di sản theo,16,ALQAC2026_public_test.json
case_5160,PARTIAL_A_WIN,8,Bộ luật Dân sự 2015,Điều 612,Bộ luật Dân sự 2015 | Điều 612,Ông Trần Đình H và bà Hoàng Thị T tranh chấp di sản thừa kế với bà Phùng Thị L cùng các con; đồng thời liên quan phần đất 2.325m² bị cắt 180m² chuyển nhượng để trả nợ và phần còn lại. Nguyên đơn yêu cầu chia di sản theo,16,ALQAC2026_public_test.json
case_5160,PARTIAL_A_WIN,9,Bộ luật Dân sự 2015,Điều 615,Bộ luật Dân sự 2015 | Điều 615,Ông Trần Đình H và bà Hoàng Thị T tranh chấp di sản thừa kế với bà Phùng Thị L cùng các con; đồng thời liên quan phần đất 2.325m² bị cắt 180m² chuyển nhượng để trả nợ và phần còn lại. Nguyên đơn yêu cầu chia di sản theo,16,ALQAC2026_public_test.json
case_5160,PARTIAL_A_WIN,10,Bộ luật Dân sự 2015,Điều 623,Bộ luật Dân sự 2015 | Điều 623,Ông Trần Đình H và bà Hoàng Thị T tranh chấp di sản thừa kế với bà Phùng Thị L cùng các con; đồng thời liên quan phần đất 2.325m² bị cắt 180m² chuyển nhượng để trả nợ và phần còn lại. Nguyên đơn yêu cầu chia di sản theo,16,ALQAC2026_public_test.json
case_5160,PARTIAL_A_WIN,11,Bộ luật Dân sự 2015,Điều 649,Bộ luật Dân sự 2015 | Điều 649,Ông Trần Đình H và bà Hoàng Thị T tranh chấp di sản thừa kế với bà Phùng Thị L cùng các con; đồng thời liên quan phần đất 2.325m² bị cắt 180m² chuyển nhượng để trả nợ và phần còn lại. Nguyên đơn yêu cầu chia di sản theo,16,ALQAC2026_public_test.json
case_5160,PARTIAL_A_WIN,12,Bộ luật Dân sự 2015,Điều 650,Bộ luật Dân sự 2015 | Điều 650,Ông Trần Đình H và bà Hoàng Thị T tranh chấp di sản thừa kế với bà Phùng Thị L cùng các con; đồng thời liên quan phần đất 2.325m² bị cắt 180m² chuyển nhượng để trả nợ và phần còn lại. Nguyên đơn yêu cầu chia di sản theo,16,ALQAC2026_public_test.json
case_5160,PARTIAL_A_WIN,13,Bộ luật Dân sự 2015,Điều 651,Bộ luật Dân sự 2015 | Điều 651,Ông Trần Đình H và bà Hoàng Thị T tranh chấp di sản thừa kế với bà Phùng Thị L cùng các con; đồng thời liên quan phần đất 2.325m² bị cắt 180m² chuyển nhượng để trả nợ và phần còn lại. Nguyên đơn yêu cầu chia di sản theo,16,ALQAC2026_public_test.json
case_5160,PARTIAL_A_WIN,14,Bộ luật Dân sự 2015,Điều 658,Bộ luật Dân sự 2015 | Điều 658,Ông Trần Đình H và bà Hoàng Thị T tranh chấp di sản thừa kế với bà Phùng Thị L cùng các con; đồng thời liên quan phần đất 2.325m² bị cắt 180m² chuyển nhượng để trả nợ và phần còn lại. Nguyên đơn yêu cầu chia di sản theo,16,ALQAC2026_public_test.json
case_5160,PARTIAL_A_WIN,15,Luật Đất đai năm 2013,Điều 95,Luật Đất đai năm 2013 | Điều 95,Ông Trần Đình H và bà Hoàng Thị T tranh chấp di sản thừa kế với bà Phùng Thị L cùng các con; đồng thời liên quan phần đất 2.325m² bị cắt 180m² chuyển nhượng để trả nợ và phần còn lại. Nguyên đơn yêu cầu chia di sản theo,16,ALQAC2026_public_test.json
case_5160,PARTIAL_A_WIN,16,"Nghị quyết 326 ngày 30/12/2016 của Ủy ban thường vụ Quốc hội quy định về mức thu, miễn, giảm, thu, nộp, quản lý và sử dụng án phí và lệ phí Tòa án",,"Nghị quyết 326 ngày 30/12/2016 của Ủy ban thường vụ Quốc hội quy định về mức thu, miễn, giảm, thu, nộp, quản lý và sử dụng án phí và lệ phí Tòa án",Ông Trần Đình H và bà Hoàng Thị T tranh chấp di sản thừa kế với bà Phùng Thị L cùng các con; đồng thời liên quan phần đất 2.325m² bị cắt 180m² chuyển nhượng để trả nợ và phần còn lại. Nguyên đơn yêu cầu chia di sản theo,16,ALQAC2026_public_test.json
case_8147,PARTIAL_A_WIN,1,Bộ luật tố tụng dân sự,Điều 26,Bộ luật tố tụng dân sự | Điều 26,"Bà Nguyễn Thị L khởi kiện tranh chấp di sản thừa kế quyền sử dụng đất đối với cha mẹ là cụ Nguyễn Văn K và cụ Nguyễn Thị T2 đã chết không di chúc, liên quan thửa đất 286 tờ bản đồ số 1 tại ấp P xã Q huyện T tỉnh Trà Vinh",18,ALQAC2026_public_test.json
case_8147,PARTIAL_A_WIN,2,Bộ luật tố tụng dân sự,Điều 35 khoản 1 điểm a,Bộ luật tố tụng dân sự | Điều 35 khoản 1 điểm a,"Bà Nguyễn Thị L khởi kiện tranh chấp di sản thừa kế quyền sử dụng đất đối với cha mẹ là cụ Nguyễn Văn K và cụ Nguyễn Thị T2 đã chết không di chúc, liên quan thửa đất 286 tờ bản đồ số 1 tại ấp P xã Q huyện T tỉnh Trà Vinh",18,ALQAC2026_public_test.json
case_8147,PARTIAL_A_WIN,3,Bộ luật tố tụng dân sự,Điều 39,Bộ luật tố tụng dân sự | Điều 39,"Bà Nguyễn Thị L khởi kiện tranh chấp di sản thừa kế quyền sử dụng đất đối với cha mẹ là cụ Nguyễn Văn K và cụ Nguyễn Thị T2 đã chết không di chúc, liên quan thửa đất 286 tờ bản đồ số 1 tại ấp P xã Q huyện T tỉnh Trà Vinh",18,ALQAC2026_public_test.json
case_8147,PARTIAL_A_WIN,4,Bộ luật tố tụng dân sự,Điều 147,Bộ luật tố tụng dân sự | Điều 147,"Bà Nguyễn Thị L khởi kiện tranh chấp di sản thừa kế quyền sử dụng đất đối với cha mẹ là cụ Nguyễn Văn K và cụ Nguyễn Thị T2 đã chết không di chúc, liên quan thửa đất 286 tờ bản đồ số 1 tại ấp P xã Q huyện T tỉnh Trà Vinh",18,ALQAC2026_public_test.json
case_8147,PARTIAL_A_WIN,5,Bộ luật tố tụng dân sự,Điều 157,Bộ luật tố tụng dân sự | Điều 157,"Bà Nguyễn Thị L khởi kiện tranh chấp di sản thừa kế quyền sử dụng đất đối với cha mẹ là cụ Nguyễn Văn K và cụ Nguyễn Thị T2 đã chết không di chúc, liên quan thửa đất 286 tờ bản đồ số 1 tại ấp P xã Q huyện T tỉnh Trà Vinh",18,ALQAC2026_public_test.json
case_8147,PARTIAL_A_WIN,6,Bộ luật tố tụng dân sự,Điều 165,Bộ luật tố tụng dân sự | Điều 165,"Bà Nguyễn Thị L khởi kiện tranh chấp di sản thừa kế quyền sử dụng đất đối với cha mẹ là cụ Nguyễn Văn K và cụ Nguyễn Thị T2 đã chết không di chúc, liên quan thửa đất 286 tờ bản đồ số 1 tại ấp P xã Q huyện T tỉnh Trà Vinh",18,ALQAC2026_public_test.json
case_8147,PARTIAL_A_WIN,7,Bộ luật tố tụng dân sự,Điều 228,Bộ luật tố tụng dân sự | Điều 228,"Bà Nguyễn Thị L khởi kiện tranh chấp di sản thừa kế quyền sử dụng đất đối với cha mẹ là cụ Nguyễn Văn K và cụ Nguyễn Thị T2 đã chết không di chúc, liên quan thửa đất 286 tờ bản đồ số 1 tại ấp P xã Q huyện T tỉnh Trà Vinh",18,ALQAC2026_public_test.json
case_8147,PARTIAL_A_WIN,8,Bộ luật tố tụng dân sự,Điều 273,Bộ luật tố tụng dân sự | Điều 273,"Bà Nguyễn Thị L khởi kiện tranh chấp di sản thừa kế quyền sử dụng đất đối với cha mẹ là cụ Nguyễn Văn K và cụ Nguyễn Thị T2 đã chết không di chúc, liên quan thửa đất 286 tờ bản đồ số 1 tại ấp P xã Q huyện T tỉnh Trà Vinh",18,ALQAC2026_public_test.json
case_8147,PARTIAL_A_WIN,9,Bộ luật tố tụng dân sự,Điều 280,Bộ luật tố tụng dân sự | Điều 280,"Bà Nguyễn Thị L khởi kiện tranh chấp di sản thừa kế quyền sử dụng đất đối với cha mẹ là cụ Nguyễn Văn K và cụ Nguyễn Thị T2 đã chết không di chúc, liên quan thửa đất 286 tờ bản đồ số 1 tại ấp P xã Q huyện T tỉnh Trà Vinh",18,ALQAC2026_public_test.json
case_8147,PARTIAL_A_WIN,10,Bộ luật Dân sự năm 2015,Điều 102,Bộ luật Dân sự năm 2015 | Điều 102,"Bà Nguyễn Thị L khởi kiện tranh chấp di sản thừa kế quyền sử dụng đất đối với cha mẹ là cụ Nguyễn Văn K và cụ Nguyễn Thị T2 đã chết không di chúc, liên quan thửa đất 286 tờ bản đồ số 1 tại ấp P xã Q huyện T tỉnh Trà Vinh",18,ALQAC2026_public_test.json
case_8147,PARTIAL_A_WIN,11,Bộ luật Dân sự năm 2015,Điều 212,Bộ luật Dân sự năm 2015 | Điều 212,"Bà Nguyễn Thị L khởi kiện tranh chấp di sản thừa kế quyền sử dụng đất đối với cha mẹ là cụ Nguyễn Văn K và cụ Nguyễn Thị T2 đã chết không di chúc, liên quan thửa đất 286 tờ bản đồ số 1 tại ấp P xã Q huyện T tỉnh Trà Vinh",18,ALQAC2026_public_test.json
case_8147,PARTIAL_A_WIN,12,Bộ luật Dân sự năm 2015,Điều 649,Bộ luật Dân sự năm 2015 | Điều 649,"Bà Nguyễn Thị L khởi kiện tranh chấp di sản thừa kế quyền sử dụng đất đối với cha mẹ là cụ Nguyễn Văn K và cụ Nguyễn Thị T2 đã chết không di chúc, liên quan thửa đất 286 tờ bản đồ số 1 tại ấp P xã Q huyện T tỉnh Trà Vinh",18,ALQAC2026_public_test.json
case_8147,PARTIAL_A_WIN,13,Bộ luật Dân sự năm 2015,Điều 650,Bộ luật Dân sự năm 2015 | Điều 650,"Bà Nguyễn Thị L khởi kiện tranh chấp di sản thừa kế quyền sử dụng đất đối với cha mẹ là cụ Nguyễn Văn K và cụ Nguyễn Thị T2 đã chết không di chúc, liên quan thửa đất 286 tờ bản đồ số 1 tại ấp P xã Q huyện T tỉnh Trà Vinh",18,ALQAC2026_public_test.json
case_8147,PARTIAL_A_WIN,14,Bộ luật Dân sự năm 2015,Điều 651,Bộ luật Dân sự năm 2015 | Điều 651,"Bà Nguyễn Thị L khởi kiện tranh chấp di sản thừa kế quyền sử dụng đất đối với cha mẹ là cụ Nguyễn Văn K và cụ Nguyễn Thị T2 đã chết không di chúc, liên quan thửa đất 286 tờ bản đồ số 1 tại ấp P xã Q huyện T tỉnh Trà Vinh",18,ALQAC2026_public_test.json
case_8147,PARTIAL_A_WIN,15,Bộ luật Dân sự năm 2015,Điều 660,Bộ luật Dân sự năm 2015 | Điều 660,"Bà Nguyễn Thị L khởi kiện tranh chấp di sản thừa kế quyền sử dụng đất đối với cha mẹ là cụ Nguyễn Văn K và cụ Nguyễn Thị T2 đã chết không di chúc, liên quan thửa đất 286 tờ bản đồ số 1 tại ấp P xã Q huyện T tỉnh Trà Vinh",18,ALQAC2026_public_test.json
case_8147,PARTIAL_A_WIN,16,Luật đất đai năm 2013,Điều 167,Luật đất đai năm 2013 | Điều 167,"Bà Nguyễn Thị L khởi kiện tranh chấp di sản thừa kế quyền sử dụng đất đối với cha mẹ là cụ Nguyễn Văn K và cụ Nguyễn Thị T2 đã chết không di chúc, liên quan thửa đất 286 tờ bản đồ số 1 tại ấp P xã Q huyện T tỉnh Trà Vinh",18,ALQAC2026_public_test.json
case_8147,PARTIAL_A_WIN,17,Luật đất đai năm 2013,Điều 179,Luật đất đai năm 2013 | Điều 179,"Bà Nguyễn Thị L khởi kiện tranh chấp di sản thừa kế quyền sử dụng đất đối với cha mẹ là cụ Nguyễn Văn K và cụ Nguyễn Thị T2 đã chết không di chúc, liên quan thửa đất 286 tờ bản đồ số 1 tại ấp P xã Q huyện T tỉnh Trà Vinh",18,ALQAC2026_public_test.json
case_8147,PARTIAL_A_WIN,18,Nghị quyết số 326/2016/UBTVQH14 ngày 30/12/2016 của Ủy ban thường vụ Quốc hội,,Nghị quyết số 326/2016/UBTVQH14 ngày 30/12/2016 của Ủy ban thường vụ Quốc hội,"Bà Nguyễn Thị L khởi kiện tranh chấp di sản thừa kế quyền sử dụng đất đối với cha mẹ là cụ Nguyễn Văn K và cụ Nguyễn Thị T2 đã chết không di chúc, liên quan thửa đất 286 tờ bản đồ số 1 tại ấp P xã Q huyện T tỉnh Trà Vinh",18,ALQAC2026_public_test.json
case_2238,PARTIAL_B_WIN,1,Bộ luật Tố tụng dân sự 2015,Điều 26,Bộ luật Tố tụng dân sự 2015 | Điều 26,"Ông Nông Văn H và bà Đào Thị H khởi kiện ông Nguyễn Quang V, bà Vũ Thị Y về hợp đồng chuyển nhượng quyền sử dụng đất và tài sản gắn liền với đất đối với thửa đất có nhà cấp 4. Nguyên đơn yêu cầu bị đơn giao nhà đất; nếu",17,ALQAC2026_public_test.json
case_2238,PARTIAL_B_WIN,2,Bộ luật Tố tụng dân sự 2015,Điều 34,Bộ luật Tố tụng dân sự 2015 | Điều 34,"Ông Nông Văn H và bà Đào Thị H khởi kiện ông Nguyễn Quang V, bà Vũ Thị Y về hợp đồng chuyển nhượng quyền sử dụng đất và tài sản gắn liền với đất đối với thửa đất có nhà cấp 4. Nguyên đơn yêu cầu bị đơn giao nhà đất; nếu",17,ALQAC2026_public_test.json
case_2238,PARTIAL_B_WIN,3,Bộ luật Tố tụng dân sự 2015,Điều 35,Bộ luật Tố tụng dân sự 2015 | Điều 35,"Ông Nông Văn H và bà Đào Thị H khởi kiện ông Nguyễn Quang V, bà Vũ Thị Y về hợp đồng chuyển nhượng quyền sử dụng đất và tài sản gắn liền với đất đối với thửa đất có nhà cấp 4. Nguyên đơn yêu cầu bị đơn giao nhà đất; nếu",17,ALQAC2026_public_test.json
case_2238,PARTIAL_B_WIN,4,Bộ luật Tố tụng dân sự 2015,Điều 39,Bộ luật Tố tụng dân sự 2015 | Điều 39,"Ông Nông Văn H và bà Đào Thị H khởi kiện ông Nguyễn Quang V, bà Vũ Thị Y về hợp đồng chuyển nhượng quyền sử dụng đất và tài sản gắn liền với đất đối với thửa đất có nhà cấp 4. Nguyên đơn yêu cầu bị đơn giao nhà đất; nếu",17,ALQAC2026_public_test.json
case_2238,PARTIAL_B_WIN,5,Bộ luật Tố tụng dân sự 2015,Khoản 1 Điều 157,Bộ luật Tố tụng dân sự 2015 | Khoản 1 Điều 157,"Ông Nông Văn H và bà Đào Thị H khởi kiện ông Nguyễn Quang V, bà Vũ Thị Y về hợp đồng chuyển nhượng quyền sử dụng đất và tài sản gắn liền với đất đối với thửa đất có nhà cấp 4. Nguyên đơn yêu cầu bị đơn giao nhà đất; nếu",17,ALQAC2026_public_test.json
case_2238,PARTIAL_B_WIN,6,Bộ luật Tố tụng dân sự 2015,Khoản 1 Điều 165,Bộ luật Tố tụng dân sự 2015 | Khoản 1 Điều 165,"Ông Nông Văn H và bà Đào Thị H khởi kiện ông Nguyễn Quang V, bà Vũ Thị Y về hợp đồng chuyển nhượng quyền sử dụng đất và tài sản gắn liền với đất đối với thửa đất có nhà cấp 4. Nguyên đơn yêu cầu bị đơn giao nhà đất; nếu",17,ALQAC2026_public_test.json
case_2238,PARTIAL_B_WIN,7,Bộ luật Tố tụng dân sự 2015,Khoản 1 Điều 227,Bộ luật Tố tụng dân sự 2015 | Khoản 1 Điều 227,"Ông Nông Văn H và bà Đào Thị H khởi kiện ông Nguyễn Quang V, bà Vũ Thị Y về hợp đồng chuyển nhượng quyền sử dụng đất và tài sản gắn liền với đất đối với thửa đất có nhà cấp 4. Nguyên đơn yêu cầu bị đơn giao nhà đất; nếu",17,ALQAC2026_public_test.json
case_2238,PARTIAL_B_WIN,8,Bộ luật Dân sự 2005,Điều 122,Bộ luật Dân sự 2005 | Điều 122,"Ông Nông Văn H và bà Đào Thị H khởi kiện ông Nguyễn Quang V, bà Vũ Thị Y về hợp đồng chuyển nhượng quyền sử dụng đất và tài sản gắn liền với đất đối với thửa đất có nhà cấp 4. Nguyên đơn yêu cầu bị đơn giao nhà đất; nếu",17,ALQAC2026_public_test.json
case_2238,PARTIAL_B_WIN,9,Bộ luật Dân sự 2005,Điều 127,Bộ luật Dân sự 2005 | Điều 127,"Ông Nông Văn H và bà Đào Thị H khởi kiện ông Nguyễn Quang V, bà Vũ Thị Y về hợp đồng chuyển nhượng quyền sử dụng đất và tài sản gắn liền với đất đối với thửa đất có nhà cấp 4. Nguyên đơn yêu cầu bị đơn giao nhà đất; nếu",17,ALQAC2026_public_test.json
case_2238,PARTIAL_B_WIN,10,Bộ luật Dân sự 2005,Điều 128,Bộ luật Dân sự 2005 | Điều 128,"Ông Nông Văn H và bà Đào Thị H khởi kiện ông Nguyễn Quang V, bà Vũ Thị Y về hợp đồng chuyển nhượng quyền sử dụng đất và tài sản gắn liền với đất đối với thửa đất có nhà cấp 4. Nguyên đơn yêu cầu bị đơn giao nhà đất; nếu",17,ALQAC2026_public_test.json
case_2238,PARTIAL_B_WIN,11,Bộ luật Dân sự 2005,Khoản 2 Điều 138,Bộ luật Dân sự 2005 | Khoản 2 Điều 138,"Ông Nông Văn H và bà Đào Thị H khởi kiện ông Nguyễn Quang V, bà Vũ Thị Y về hợp đồng chuyển nhượng quyền sử dụng đất và tài sản gắn liền với đất đối với thửa đất có nhà cấp 4. Nguyên đơn yêu cầu bị đơn giao nhà đất; nếu",17,ALQAC2026_public_test.json
case_2238,PARTIAL_B_WIN,12,Bộ luật Dân sự 2005,Điều 219,Bộ luật Dân sự 2005 | Điều 219,"Ông Nông Văn H và bà Đào Thị H khởi kiện ông Nguyễn Quang V, bà Vũ Thị Y về hợp đồng chuyển nhượng quyền sử dụng đất và tài sản gắn liền với đất đối với thửa đất có nhà cấp 4. Nguyên đơn yêu cầu bị đơn giao nhà đất; nếu",17,ALQAC2026_public_test.json
case_2238,PARTIAL_B_WIN,13,Bộ luật Dân sự 2005,Điều 223,Bộ luật Dân sự 2005 | Điều 223,"Ông Nông Văn H và bà Đào Thị H khởi kiện ông Nguyễn Quang V, bà Vũ Thị Y về hợp đồng chuyển nhượng quyền sử dụng đất và tài sản gắn liền với đất đối với thửa đất có nhà cấp 4. Nguyên đơn yêu cầu bị đơn giao nhà đất; nếu",17,ALQAC2026_public_test.json
case_2238,PARTIAL_B_WIN,14,Luật Đất đai 2003,Điều 106,Luật Đất đai 2003 | Điều 106,"Ông Nông Văn H và bà Đào Thị H khởi kiện ông Nguyễn Quang V, bà Vũ Thị Y về hợp đồng chuyển nhượng quyền sử dụng đất và tài sản gắn liền với đất đối với thửa đất có nhà cấp 4. Nguyên đơn yêu cầu bị đơn giao nhà đất; nếu",17,ALQAC2026_public_test.json
case_2238,PARTIAL_B_WIN,15,Luật Hôn nhân và Gia đình 2000,Điều 28,Luật Hôn nhân và Gia đình 2000 | Điều 28,"Ông Nông Văn H và bà Đào Thị H khởi kiện ông Nguyễn Quang V, bà Vũ Thị Y về hợp đồng chuyển nhượng quyền sử dụng đất và tài sản gắn liền với đất đối với thửa đất có nhà cấp 4. Nguyên đơn yêu cầu bị đơn giao nhà đất; nếu",17,ALQAC2026_public_test.json
case_2238,PARTIAL_B_WIN,16,"Pháp lệnh Án phí, lệ phí Tòa án 2009","Khoản 3, khoản 6 Điều 27","Pháp lệnh Án phí, lệ phí Tòa án 2009 | Khoản 3, khoản 6 Điều 27","Ông Nông Văn H và bà Đào Thị H khởi kiện ông Nguyễn Quang V, bà Vũ Thị Y về hợp đồng chuyển nhượng quyền sử dụng đất và tài sản gắn liền với đất đối với thửa đất có nhà cấp 4. Nguyên đơn yêu cầu bị đơn giao nhà đất; nếu",17,ALQAC2026_public_test.json
case_2238,PARTIAL_B_WIN,17,Bộ luật Dân sự 2015,Khoản 2 Điều 468,Bộ luật Dân sự 2015 | Khoản 2 Điều 468,"Ông Nông Văn H và bà Đào Thị H khởi kiện ông Nguyễn Quang V, bà Vũ Thị Y về hợp đồng chuyển nhượng quyền sử dụng đất và tài sản gắn liền với đất đối với thửa đất có nhà cấp 4. Nguyên đơn yêu cầu bị đơn giao nhà đất; nếu",17,ALQAC2026_public_test.json
case_614,PARTIAL_A_WIN,1,Bộ luật Tố tụng dân sự 2015,Khoản 5 Điều 26,Bộ luật Tố tụng dân sự 2015 | Khoản 5 Điều 26,"Ông Trần Văn Đ và ông Trần Văn T là nguyên đơn tranh chấp với ông Trần Quốc H (cùng nhiều người thừa kế khác) về di sản thừa kế là quyền sử dụng đất 432,1m2 và tài sản gắn liền trên đất thuộc thửa 51, tờ bản đồ 11 xã A.",21,ALQAC2026_public_test.json
case_614,PARTIAL_A_WIN,2,Bộ luật Tố tụng dân sự 2015,Điểm a khoản 1 Điều 35,Bộ luật Tố tụng dân sự 2015 | Điểm a khoản 1 Điều 35,"Ông Trần Văn Đ và ông Trần Văn T là nguyên đơn tranh chấp với ông Trần Quốc H (cùng nhiều người thừa kế khác) về di sản thừa kế là quyền sử dụng đất 432,1m2 và tài sản gắn liền trên đất thuộc thửa 51, tờ bản đồ 11 xã A.",21,ALQAC2026_public_test.json
case_614,PARTIAL_A_WIN,3,Bộ luật Tố tụng dân sự 2015,Điểm c khoản 1 Điều 39,Bộ luật Tố tụng dân sự 2015 | Điểm c khoản 1 Điều 39,"Ông Trần Văn Đ và ông Trần Văn T là nguyên đơn tranh chấp với ông Trần Quốc H (cùng nhiều người thừa kế khác) về di sản thừa kế là quyền sử dụng đất 432,1m2 và tài sản gắn liền trên đất thuộc thửa 51, tờ bản đồ 11 xã A.",21,ALQAC2026_public_test.json
case_614,PARTIAL_A_WIN,4,Bộ luật Tố tụng dân sự 2015,Điều 147,Bộ luật Tố tụng dân sự 2015 | Điều 147,"Ông Trần Văn Đ và ông Trần Văn T là nguyên đơn tranh chấp với ông Trần Quốc H (cùng nhiều người thừa kế khác) về di sản thừa kế là quyền sử dụng đất 432,1m2 và tài sản gắn liền trên đất thuộc thửa 51, tờ bản đồ 11 xã A.",21,ALQAC2026_public_test.json
case_614,PARTIAL_A_WIN,5,Bộ luật Tố tụng dân sự 2015,Điều 157,Bộ luật Tố tụng dân sự 2015 | Điều 157,"Ông Trần Văn Đ và ông Trần Văn T là nguyên đơn tranh chấp với ông Trần Quốc H (cùng nhiều người thừa kế khác) về di sản thừa kế là quyền sử dụng đất 432,1m2 và tài sản gắn liền trên đất thuộc thửa 51, tờ bản đồ 11 xã A.",21,ALQAC2026_public_test.json
case_614,PARTIAL_A_WIN,6,Bộ luật Tố tụng dân sự 2015,Điều 165,Bộ luật Tố tụng dân sự 2015 | Điều 165,"Ông Trần Văn Đ và ông Trần Văn T là nguyên đơn tranh chấp với ông Trần Quốc H (cùng nhiều người thừa kế khác) về di sản thừa kế là quyền sử dụng đất 432,1m2 và tài sản gắn liền trên đất thuộc thửa 51, tờ bản đồ 11 xã A.",21,ALQAC2026_public_test.json
case_614,PARTIAL_A_WIN,7,Bộ luật Tố tụng dân sự 2015,Điều 184,Bộ luật Tố tụng dân sự 2015 | Điều 184,"Ông Trần Văn Đ và ông Trần Văn T là nguyên đơn tranh chấp với ông Trần Quốc H (cùng nhiều người thừa kế khác) về di sản thừa kế là quyền sử dụng đất 432,1m2 và tài sản gắn liền trên đất thuộc thửa 51, tờ bản đồ 11 xã A.",21,ALQAC2026_public_test.json
case_614,PARTIAL_A_WIN,8,Bộ luật Tố tụng dân sự 2015,Khoản 1 Điều 227,Bộ luật Tố tụng dân sự 2015 | Khoản 1 Điều 227,"Ông Trần Văn Đ và ông Trần Văn T là nguyên đơn tranh chấp với ông Trần Quốc H (cùng nhiều người thừa kế khác) về di sản thừa kế là quyền sử dụng đất 432,1m2 và tài sản gắn liền trên đất thuộc thửa 51, tờ bản đồ 11 xã A.",21,ALQAC2026_public_test.json
case_614,PARTIAL_A_WIN,9,Bộ luật Tố tụng dân sự 2015,Khoản 1 Điều 228,Bộ luật Tố tụng dân sự 2015 | Khoản 1 Điều 228,"Ông Trần Văn Đ và ông Trần Văn T là nguyên đơn tranh chấp với ông Trần Quốc H (cùng nhiều người thừa kế khác) về di sản thừa kế là quyền sử dụng đất 432,1m2 và tài sản gắn liền trên đất thuộc thửa 51, tờ bản đồ 11 xã A.",21,ALQAC2026_public_test.json
case_614,PARTIAL_A_WIN,10,Bộ luật Tố tụng dân sự 2015,Khoản 1 Điều 273,Bộ luật Tố tụng dân sự 2015 | Khoản 1 Điều 273,"Ông Trần Văn Đ và ông Trần Văn T là nguyên đơn tranh chấp với ông Trần Quốc H (cùng nhiều người thừa kế khác) về di sản thừa kế là quyền sử dụng đất 432,1m2 và tài sản gắn liền trên đất thuộc thửa 51, tờ bản đồ 11 xã A.",21,ALQAC2026_public_test.json
case_614,PARTIAL_A_WIN,11,Bộ luật Dân sự 2015,Điểm c khoản 1 Điều 688,Bộ luật Dân sự 2015 | Điểm c khoản 1 Điều 688,"Ông Trần Văn Đ và ông Trần Văn T là nguyên đơn tranh chấp với ông Trần Quốc H (cùng nhiều người thừa kế khác) về di sản thừa kế là quyền sử dụng đất 432,1m2 và tài sản gắn liền trên đất thuộc thửa 51, tờ bản đồ 11 xã A.",21,ALQAC2026_public_test.json
case_614,PARTIAL_A_WIN,12,Bộ luật Dân sự 2005,Điều 633,Bộ luật Dân sự 2005 | Điều 633,"Ông Trần Văn Đ và ông Trần Văn T là nguyên đơn tranh chấp với ông Trần Quốc H (cùng nhiều người thừa kế khác) về di sản thừa kế là quyền sử dụng đất 432,1m2 và tài sản gắn liền trên đất thuộc thửa 51, tờ bản đồ 11 xã A.",21,ALQAC2026_public_test.json
case_614,PARTIAL_A_WIN,13,Bộ luật Dân sự 2005,Điều 635,Bộ luật Dân sự 2005 | Điều 635,"Ông Trần Văn Đ và ông Trần Văn T là nguyên đơn tranh chấp với ông Trần Quốc H (cùng nhiều người thừa kế khác) về di sản thừa kế là quyền sử dụng đất 432,1m2 và tài sản gắn liền trên đất thuộc thửa 51, tờ bản đồ 11 xã A.",21,ALQAC2026_public_test.json
case_614,PARTIAL_A_WIN,14,Bộ luật Dân sự 2005,Điều 674,Bộ luật Dân sự 2005 | Điều 674,"Ông Trần Văn Đ và ông Trần Văn T là nguyên đơn tranh chấp với ông Trần Quốc H (cùng nhiều người thừa kế khác) về di sản thừa kế là quyền sử dụng đất 432,1m2 và tài sản gắn liền trên đất thuộc thửa 51, tờ bản đồ 11 xã A.",21,ALQAC2026_public_test.json
case_614,PARTIAL_A_WIN,15,Bộ luật Dân sự 2005,Điều 675,Bộ luật Dân sự 2005 | Điều 675,"Ông Trần Văn Đ và ông Trần Văn T là nguyên đơn tranh chấp với ông Trần Quốc H (cùng nhiều người thừa kế khác) về di sản thừa kế là quyền sử dụng đất 432,1m2 và tài sản gắn liền trên đất thuộc thửa 51, tờ bản đồ 11 xã A.",21,ALQAC2026_public_test.json
case_614,PARTIAL_A_WIN,16,Bộ luật Dân sự 2005,Điều 676,Bộ luật Dân sự 2005 | Điều 676,"Ông Trần Văn Đ và ông Trần Văn T là nguyên đơn tranh chấp với ông Trần Quốc H (cùng nhiều người thừa kế khác) về di sản thừa kế là quyền sử dụng đất 432,1m2 và tài sản gắn liền trên đất thuộc thửa 51, tờ bản đồ 11 xã A.",21,ALQAC2026_public_test.json
case_614,PARTIAL_A_WIN,17,Bộ luật Dân sự 2005,Điều 681,Bộ luật Dân sự 2005 | Điều 681,"Ông Trần Văn Đ và ông Trần Văn T là nguyên đơn tranh chấp với ông Trần Quốc H (cùng nhiều người thừa kế khác) về di sản thừa kế là quyền sử dụng đất 432,1m2 và tài sản gắn liền trên đất thuộc thửa 51, tờ bản đồ 11 xã A.",21,ALQAC2026_public_test.json
case_614,PARTIAL_A_WIN,18,Bộ luật Dân sự 2005,Điều 685,Bộ luật Dân sự 2005 | Điều 685,"Ông Trần Văn Đ và ông Trần Văn T là nguyên đơn tranh chấp với ông Trần Quốc H (cùng nhiều người thừa kế khác) về di sản thừa kế là quyền sử dụng đất 432,1m2 và tài sản gắn liền trên đất thuộc thửa 51, tờ bản đồ 11 xã A.",21,ALQAC2026_public_test.json
case_614,PARTIAL_A_WIN,19,Bộ luật Dân sự 2015,Khoản 1 Điều 623,Bộ luật Dân sự 2015 | Khoản 1 Điều 623,"Ông Trần Văn Đ và ông Trần Văn T là nguyên đơn tranh chấp với ông Trần Quốc H (cùng nhiều người thừa kế khác) về di sản thừa kế là quyền sử dụng đất 432,1m2 và tài sản gắn liền trên đất thuộc thửa 51, tờ bản đồ 11 xã A.",21,ALQAC2026_public_test.json
case_614,PARTIAL_A_WIN,20,Bộ luật Dân sự 2015,Điểm d khoản 1 Điều 688,Bộ luật Dân sự 2015 | Điểm d khoản 1 Điều 688,"Ông Trần Văn Đ và ông Trần Văn T là nguyên đơn tranh chấp với ông Trần Quốc H (cùng nhiều người thừa kế khác) về di sản thừa kế là quyền sử dụng đất 432,1m2 và tài sản gắn liền trên đất thuộc thửa 51, tờ bản đồ 11 xã A.",21,ALQAC2026_public_test.json
case_614,PARTIAL_A_WIN,21,Nghị quyết số 326/2016/UBTVQH14,Điểm a khoản 7 Điều 27,Nghị quyết số 326/2016/UBTVQH14 | Điểm a khoản 7 Điều 27,"Ông Trần Văn Đ và ông Trần Văn T là nguyên đơn tranh chấp với ông Trần Quốc H (cùng nhiều người thừa kế khác) về di sản thừa kế là quyền sử dụng đất 432,1m2 và tài sản gắn liền trên đất thuộc thửa 51, tờ bản đồ 11 xã A.",21,ALQAC2026_public_test.json
case_1959,PARTIAL_A_WIN,1,Bộ luật Dân sự 2005,Điều 268,Bộ luật Dân sự 2005 | Điều 268,Ông Nguyễn Thanh S đại diện bà Đinh Thị L kiện ông Nguyễn Văn H (và bà Lê Thị Phước với tư cách liên quan/kế thừa) tranh chấp bồi thường thiệt hại do tài sản bị xâm phạm: hàng rào trụ xi măng lưới B40 bị sập ngã sau khi,5,ALQAC2026_public_test.json
case_1959,PARTIAL_A_WIN,2,Bộ luật Dân sự 2005,Điều 604,Bộ luật Dân sự 2005 | Điều 604,Ông Nguyễn Thanh S đại diện bà Đinh Thị L kiện ông Nguyễn Văn H (và bà Lê Thị Phước với tư cách liên quan/kế thừa) tranh chấp bồi thường thiệt hại do tài sản bị xâm phạm: hàng rào trụ xi măng lưới B40 bị sập ngã sau khi,5,ALQAC2026_public_test.json
case_1959,PARTIAL_A_WIN,3,Bộ luật Dân sự 2005,Điều 608,Bộ luật Dân sự 2005 | Điều 608,Ông Nguyễn Thanh S đại diện bà Đinh Thị L kiện ông Nguyễn Văn H (và bà Lê Thị Phước với tư cách liên quan/kế thừa) tranh chấp bồi thường thiệt hại do tài sản bị xâm phạm: hàng rào trụ xi măng lưới B40 bị sập ngã sau khi,5,ALQAC2026_public_test.json
case_1959,PARTIAL_A_WIN,4,Bộ luật Dân sự 2005,Khoản 2 Điều 305,Bộ luật Dân sự 2005 | Khoản 2 Điều 305,Ông Nguyễn Thanh S đại diện bà Đinh Thị L kiện ông Nguyễn Văn H (và bà Lê Thị Phước với tư cách liên quan/kế thừa) tranh chấp bồi thường thiệt hại do tài sản bị xâm phạm: hàng rào trụ xi măng lưới B40 bị sập ngã sau khi,5,ALQAC2026_public_test.json
case_1959,PARTIAL_A_WIN,5,Bộ luật Tố tụng Dân sự 2015,Khoản 1 Điều 228,Bộ luật Tố tụng Dân sự 2015 | Khoản 1 Điều 228,Ông Nguyễn Thanh S đại diện bà Đinh Thị L kiện ông Nguyễn Văn H (và bà Lê Thị Phước với tư cách liên quan/kế thừa) tranh chấp bồi thường thiệt hại do tài sản bị xâm phạm: hàng rào trụ xi măng lưới B40 bị sập ngã sau khi,5,ALQAC2026_public_test.json
case_6425,A_WIN,1,Bộ luật Dân sự 2005,Điều 608,Bộ luật Dân sự 2005 | Điều 608,"Ông A tranh chấp quyền sử dụng đất với bà B, ông C và liên quan bà D, bà E, cùng UBND tỉnh Sóc Trăng. Vụ việc liên quan phần đất ông A bị lấn chiếm, đồng thời phần đất được UBND tỉnh cấp chồng lên. Ông A yêu cầu buộc các",8,ALQAC2026_public_test.json
case_6425,A_WIN,2,Bộ luật Dân sự 2005,Điều 268,Bộ luật Dân sự 2005 | Điều 268,"Ông A tranh chấp quyền sử dụng đất với bà B, ông C và liên quan bà D, bà E, cùng UBND tỉnh Sóc Trăng. Vụ việc liên quan phần đất ông A bị lấn chiếm, đồng thời phần đất được UBND tỉnh cấp chồng lên. Ông A yêu cầu buộc các",8,ALQAC2026_public_test.json
case_6425,A_WIN,3,Bộ luật Dân sự 2005,Điều 604,Bộ luật Dân sự 2005 | Điều 604,"Ông A tranh chấp quyền sử dụng đất với bà B, ông C và liên quan bà D, bà E, cùng UBND tỉnh Sóc Trăng. Vụ việc liên quan phần đất ông A bị lấn chiếm, đồng thời phần đất được UBND tỉnh cấp chồng lên. Ông A yêu cầu buộc các",8,ALQAC2026_public_test.json
case_6425,A_WIN,4,Bộ luật Dân sự 2005,Điều 605,Bộ luật Dân sự 2005 | Điều 605,"Ông A tranh chấp quyền sử dụng đất với bà B, ông C và liên quan bà D, bà E, cùng UBND tỉnh Sóc Trăng. Vụ việc liên quan phần đất ông A bị lấn chiếm, đồng thời phần đất được UBND tỉnh cấp chồng lên. Ông A yêu cầu buộc các",8,ALQAC2026_public_test.json
case_6425,A_WIN,5,Bộ luật Dân sự 2005,Khoản 2 Điều 305,Bộ luật Dân sự 2005 | Khoản 2 Điều 305,"Ông A tranh chấp quyền sử dụng đất với bà B, ông C và liên quan bà D, bà E, cùng UBND tỉnh Sóc Trăng. Vụ việc liên quan phần đất ông A bị lấn chiếm, đồng thời phần đất được UBND tỉnh cấp chồng lên. Ông A yêu cầu buộc các",8,ALQAC2026_public_test.json
case_6425,A_WIN,6,Bộ luật Tố tụng dân sự 2015,Khoản 1 Điều 228,Bộ luật Tố tụng dân sự 2015 | Khoản 1 Điều 228,"Ông A tranh chấp quyền sử dụng đất với bà B, ông C và liên quan bà D, bà E, cùng UBND tỉnh Sóc Trăng. Vụ việc liên quan phần đất ông A bị lấn chiếm, đồng thời phần đất được UBND tỉnh cấp chồng lên. Ông A yêu cầu buộc các",8,ALQAC2026_public_test.json
case_6425,A_WIN,7,"Pháp lệnh án phí, lệ phí Tòa án",Điều 27,"Pháp lệnh án phí, lệ phí Tòa án | Điều 27","Ông A tranh chấp quyền sử dụng đất với bà B, ông C và liên quan bà D, bà E, cùng UBND tỉnh Sóc Trăng. Vụ việc liên quan phần đất ông A bị lấn chiếm, đồng thời phần đất được UBND tỉnh cấp chồng lên. Ông A yêu cầu buộc các",8,ALQAC2026_public_test.json
case_6425,A_WIN,8,Nghị quyết 01/2012/NQ-HĐTP,ngày 13/6/2012,Nghị quyết 01/2012/NQ-HĐTP | ngày 13/6/2012,"Ông A tranh chấp quyền sử dụng đất với bà B, ông C và liên quan bà D, bà E, cùng UBND tỉnh Sóc Trăng. Vụ việc liên quan phần đất ông A bị lấn chiếm, đồng thời phần đất được UBND tỉnh cấp chồng lên. Ông A yêu cầu buộc các",8,ALQAC2026_public_test.json
case_3735,PARTIAL_A_WIN,1,Bộ luật Tố tụng dân sự 2015,Điều 26,Bộ luật Tố tụng dân sự 2015 | Điều 26,"Anh Nguyễn T và chị Nguyễn T1 tranh chấp hợp đồng hợp tác, liên quan khoản hùn tiền thuê lại quán nước của chị Huỳnh Thị H ngày 07/02/2017. Tòa án xem xét nghĩa vụ hoàn trả tiền hùn thuê quán, đồng thời việc chia lời lỗ",13,ALQAC2026_public_test.json
case_3735,PARTIAL_A_WIN,2,Bộ luật Tố tụng dân sự 2015,Điều 35,Bộ luật Tố tụng dân sự 2015 | Điều 35,"Anh Nguyễn T và chị Nguyễn T1 tranh chấp hợp đồng hợp tác, liên quan khoản hùn tiền thuê lại quán nước của chị Huỳnh Thị H ngày 07/02/2017. Tòa án xem xét nghĩa vụ hoàn trả tiền hùn thuê quán, đồng thời việc chia lời lỗ",13,ALQAC2026_public_test.json
case_3735,PARTIAL_A_WIN,3,Bộ luật Tố tụng dân sự 2015,Điều 39,Bộ luật Tố tụng dân sự 2015 | Điều 39,"Anh Nguyễn T và chị Nguyễn T1 tranh chấp hợp đồng hợp tác, liên quan khoản hùn tiền thuê lại quán nước của chị Huỳnh Thị H ngày 07/02/2017. Tòa án xem xét nghĩa vụ hoàn trả tiền hùn thuê quán, đồng thời việc chia lời lỗ",13,ALQAC2026_public_test.json
case_3735,PARTIAL_A_WIN,4,Bộ luật Tố tụng dân sự 2015,Điều 91,Bộ luật Tố tụng dân sự 2015 | Điều 91,"Anh Nguyễn T và chị Nguyễn T1 tranh chấp hợp đồng hợp tác, liên quan khoản hùn tiền thuê lại quán nước của chị Huỳnh Thị H ngày 07/02/2017. Tòa án xem xét nghĩa vụ hoàn trả tiền hùn thuê quán, đồng thời việc chia lời lỗ",13,ALQAC2026_public_test.json
case_3735,PARTIAL_A_WIN,5,Bộ luật Tố tụng dân sự 2015,Điều 144,Bộ luật Tố tụng dân sự 2015 | Điều 144,"Anh Nguyễn T và chị Nguyễn T1 tranh chấp hợp đồng hợp tác, liên quan khoản hùn tiền thuê lại quán nước của chị Huỳnh Thị H ngày 07/02/2017. Tòa án xem xét nghĩa vụ hoàn trả tiền hùn thuê quán, đồng thời việc chia lời lỗ",13,ALQAC2026_public_test.json
case_3735,PARTIAL_A_WIN,6,Bộ luật Tố tụng dân sự 2015,Điều 147,Bộ luật Tố tụng dân sự 2015 | Điều 147,"Anh Nguyễn T và chị Nguyễn T1 tranh chấp hợp đồng hợp tác, liên quan khoản hùn tiền thuê lại quán nước của chị Huỳnh Thị H ngày 07/02/2017. Tòa án xem xét nghĩa vụ hoàn trả tiền hùn thuê quán, đồng thời việc chia lời lỗ",13,ALQAC2026_public_test.json
case_3735,PARTIAL_A_WIN,7,Bộ luật Tố tụng dân sự 2015,Điều 157,Bộ luật Tố tụng dân sự 2015 | Điều 157,"Anh Nguyễn T và chị Nguyễn T1 tranh chấp hợp đồng hợp tác, liên quan khoản hùn tiền thuê lại quán nước của chị Huỳnh Thị H ngày 07/02/2017. Tòa án xem xét nghĩa vụ hoàn trả tiền hùn thuê quán, đồng thời việc chia lời lỗ",13,ALQAC2026_public_test.json
case_3735,PARTIAL_A_WIN,8,Bộ luật Tố tụng dân sự 2015,Điều 229,Bộ luật Tố tụng dân sự 2015 | Điều 229,"Anh Nguyễn T và chị Nguyễn T1 tranh chấp hợp đồng hợp tác, liên quan khoản hùn tiền thuê lại quán nước của chị Huỳnh Thị H ngày 07/02/2017. Tòa án xem xét nghĩa vụ hoàn trả tiền hùn thuê quán, đồng thời việc chia lời lỗ",13,ALQAC2026_public_test.json
case_3735,PARTIAL_A_WIN,9,Bộ luật Dân sự 2015,Điều 468,Bộ luật Dân sự 2015 | Điều 468,"Anh Nguyễn T và chị Nguyễn T1 tranh chấp hợp đồng hợp tác, liên quan khoản hùn tiền thuê lại quán nước của chị Huỳnh Thị H ngày 07/02/2017. Tòa án xem xét nghĩa vụ hoàn trả tiền hùn thuê quán, đồng thời việc chia lời lỗ",13,ALQAC2026_public_test.json
case_3735,PARTIAL_A_WIN,10,Bộ luật Dân sự 2015,Điều 504,Bộ luật Dân sự 2015 | Điều 504,"Anh Nguyễn T và chị Nguyễn T1 tranh chấp hợp đồng hợp tác, liên quan khoản hùn tiền thuê lại quán nước của chị Huỳnh Thị H ngày 07/02/2017. Tòa án xem xét nghĩa vụ hoàn trả tiền hùn thuê quán, đồng thời việc chia lời lỗ",13,ALQAC2026_public_test.json
case_3735,PARTIAL_A_WIN,11,Bộ luật Dân sự 2015,Điều 509,Bộ luật Dân sự 2015 | Điều 509,"Anh Nguyễn T và chị Nguyễn T1 tranh chấp hợp đồng hợp tác, liên quan khoản hùn tiền thuê lại quán nước của chị Huỳnh Thị H ngày 07/02/2017. Tòa án xem xét nghĩa vụ hoàn trả tiền hùn thuê quán, đồng thời việc chia lời lỗ",13,ALQAC2026_public_test.json
case_3735,PARTIAL_A_WIN,12,Bộ luật Dân sự 2015,Điều 510,Bộ luật Dân sự 2015 | Điều 510,"Anh Nguyễn T và chị Nguyễn T1 tranh chấp hợp đồng hợp tác, liên quan khoản hùn tiền thuê lại quán nước của chị Huỳnh Thị H ngày 07/02/2017. Tòa án xem xét nghĩa vụ hoàn trả tiền hùn thuê quán, đồng thời việc chia lời lỗ",13,ALQAC2026_public_test.json
case_3735,PARTIAL_A_WIN,13,Nghị quyết 326/2016/UBTVQH14,Điều 26,Nghị quyết 326/2016/UBTVQH14 | Điều 26,"Anh Nguyễn T và chị Nguyễn T1 tranh chấp hợp đồng hợp tác, liên quan khoản hùn tiền thuê lại quán nước của chị Huỳnh Thị H ngày 07/02/2017. Tòa án xem xét nghĩa vụ hoàn trả tiền hùn thuê quán, đồng thời việc chia lời lỗ",13,ALQAC2026_public_test.json
case_5860,PARTIAL_B_WIN,1,Bộ luật dân sự,Điều 166,Bộ luật dân sự | Điều 166,"Công ty TNHH thương mại xuất nhập khẩu Hữu Thành P tranh chấp với anh Lê Quốc V về khoản nợ phát sinh từ giao dịch mua bán nhớt, liên quan “đơn xác nhận công nợ” và các hóa đơn cho cây xăng Phước L. Nguyên đơn yêu cầu an",8,ALQAC2026_public_test.json
case_5860,PARTIAL_B_WIN,2,Bộ luật dân sự,Điều 370,Bộ luật dân sự | Điều 370,"Công ty TNHH thương mại xuất nhập khẩu Hữu Thành P tranh chấp với anh Lê Quốc V về khoản nợ phát sinh từ giao dịch mua bán nhớt, liên quan “đơn xác nhận công nợ” và các hóa đơn cho cây xăng Phước L. Nguyên đơn yêu cầu an",8,ALQAC2026_public_test.json
case_5860,PARTIAL_B_WIN,3,Bộ luật dân sự,Điều 357,Bộ luật dân sự | Điều 357,"Công ty TNHH thương mại xuất nhập khẩu Hữu Thành P tranh chấp với anh Lê Quốc V về khoản nợ phát sinh từ giao dịch mua bán nhớt, liên quan “đơn xác nhận công nợ” và các hóa đơn cho cây xăng Phước L. Nguyên đơn yêu cầu an",8,ALQAC2026_public_test.json
case_5860,PARTIAL_B_WIN,4,Bộ luật dân sự,Điều 468,Bộ luật dân sự | Điều 468,"Công ty TNHH thương mại xuất nhập khẩu Hữu Thành P tranh chấp với anh Lê Quốc V về khoản nợ phát sinh từ giao dịch mua bán nhớt, liên quan “đơn xác nhận công nợ” và các hóa đơn cho cây xăng Phước L. Nguyên đơn yêu cầu an",8,ALQAC2026_public_test.json
case_5860,PARTIAL_B_WIN,5,Bộ luật tố tụng dân sự,Điều 227,Bộ luật tố tụng dân sự | Điều 227,"Công ty TNHH thương mại xuất nhập khẩu Hữu Thành P tranh chấp với anh Lê Quốc V về khoản nợ phát sinh từ giao dịch mua bán nhớt, liên quan “đơn xác nhận công nợ” và các hóa đơn cho cây xăng Phước L. Nguyên đơn yêu cầu an",8,ALQAC2026_public_test.json
case_5860,PARTIAL_B_WIN,6,Bộ luật tố tụng dân sự,Điều 228,Bộ luật tố tụng dân sự | Điều 228,"Công ty TNHH thương mại xuất nhập khẩu Hữu Thành P tranh chấp với anh Lê Quốc V về khoản nợ phát sinh từ giao dịch mua bán nhớt, liên quan “đơn xác nhận công nợ” và các hóa đơn cho cây xăng Phước L. Nguyên đơn yêu cầu an",8,ALQAC2026_public_test.json
case_5860,PARTIAL_B_WIN,7,Bộ luật tố tụng dân sự,Điều 147,Bộ luật tố tụng dân sự | Điều 147,"Công ty TNHH thương mại xuất nhập khẩu Hữu Thành P tranh chấp với anh Lê Quốc V về khoản nợ phát sinh từ giao dịch mua bán nhớt, liên quan “đơn xác nhận công nợ” và các hóa đơn cho cây xăng Phước L. Nguyên đơn yêu cầu an",8,ALQAC2026_public_test.json
case_5860,PARTIAL_B_WIN,8,"Nghị Quyết số 326/2016/UBTVQH14 ngày 30/12/2016 của Ủy ban Thường vụ Quốc hội quy định về mức thu, miễn, giảm, thu, nộp, quản lý và sử dụng án phí và lệ phí Tòa án",Điều 26,"Nghị Quyết số 326/2016/UBTVQH14 ngày 30/12/2016 của Ủy ban Thường vụ Quốc hội quy định về mức thu, miễn, giảm, thu, nộp, quản lý và sử dụng án phí và lệ phí Tòa án | Điều 26","Công ty TNHH thương mại xuất nhập khẩu Hữu Thành P tranh chấp với anh Lê Quốc V về khoản nợ phát sinh từ giao dịch mua bán nhớt, liên quan “đơn xác nhận công nợ” và các hóa đơn cho cây xăng Phước L. Nguyên đơn yêu cầu an",8,ALQAC2026_public_test.json
case_7467,PARTIAL_B_WIN,1,Bộ luật tố tụng dân sự năm 2015,Điều 26,Bộ luật tố tụng dân sự năm 2015 | Điều 26,"Bà Võ Thị Huỳnh H1 và các đồng nguyên đơn gồm bà Võ Thị Huỳnh H2, bà Võ Thị Thanh H5, bà Võ Thị Thanh H6, ông Võ Thế H3, ông Võ Thế H4 tranh chấp di sản thừa kế của cụ Võ Văn M và cụ Phan Thị S với bị đơn ông Võ Thế Đ. N",16,ALQAC2026_public_test.json
case_7467,PARTIAL_B_WIN,2,Bộ luật tố tụng dân sự năm 2015,Điều 35,Bộ luật tố tụng dân sự năm 2015 | Điều 35,"Bà Võ Thị Huỳnh H1 và các đồng nguyên đơn gồm bà Võ Thị Huỳnh H2, bà Võ Thị Thanh H5, bà Võ Thị Thanh H6, ông Võ Thế H3, ông Võ Thế H4 tranh chấp di sản thừa kế của cụ Võ Văn M và cụ Phan Thị S với bị đơn ông Võ Thế Đ. N",16,ALQAC2026_public_test.json
case_7467,PARTIAL_B_WIN,3,Bộ luật tố tụng dân sự năm 2015,Điều 39,Bộ luật tố tụng dân sự năm 2015 | Điều 39,"Bà Võ Thị Huỳnh H1 và các đồng nguyên đơn gồm bà Võ Thị Huỳnh H2, bà Võ Thị Thanh H5, bà Võ Thị Thanh H6, ông Võ Thế H3, ông Võ Thế H4 tranh chấp di sản thừa kế của cụ Võ Văn M và cụ Phan Thị S với bị đơn ông Võ Thế Đ. N",16,ALQAC2026_public_test.json
case_7467,PARTIAL_B_WIN,4,Bộ luật tố tụng dân sự năm 2015,Điều 147,Bộ luật tố tụng dân sự năm 2015 | Điều 147,"Bà Võ Thị Huỳnh H1 và các đồng nguyên đơn gồm bà Võ Thị Huỳnh H2, bà Võ Thị Thanh H5, bà Võ Thị Thanh H6, ông Võ Thế H3, ông Võ Thế H4 tranh chấp di sản thừa kế của cụ Võ Văn M và cụ Phan Thị S với bị đơn ông Võ Thế Đ. N",16,ALQAC2026_public_test.json
case_7467,PARTIAL_B_WIN,5,Bộ luật tố tụng dân sự năm 2015,Điều 157,Bộ luật tố tụng dân sự năm 2015 | Điều 157,"Bà Võ Thị Huỳnh H1 và các đồng nguyên đơn gồm bà Võ Thị Huỳnh H2, bà Võ Thị Thanh H5, bà Võ Thị Thanh H6, ông Võ Thế H3, ông Võ Thế H4 tranh chấp di sản thừa kế của cụ Võ Văn M và cụ Phan Thị S với bị đơn ông Võ Thế Đ. N",16,ALQAC2026_public_test.json
case_7467,PARTIAL_B_WIN,6,Bộ luật tố tụng dân sự năm 2015,Điều 165,Bộ luật tố tụng dân sự năm 2015 | Điều 165,"Bà Võ Thị Huỳnh H1 và các đồng nguyên đơn gồm bà Võ Thị Huỳnh H2, bà Võ Thị Thanh H5, bà Võ Thị Thanh H6, ông Võ Thế H3, ông Võ Thế H4 tranh chấp di sản thừa kế của cụ Võ Văn M và cụ Phan Thị S với bị đơn ông Võ Thế Đ. N",16,ALQAC2026_public_test.json
case_7467,PARTIAL_B_WIN,7,Bộ luật tố tụng dân sự năm 2015,Điều 228,Bộ luật tố tụng dân sự năm 2015 | Điều 228,"Bà Võ Thị Huỳnh H1 và các đồng nguyên đơn gồm bà Võ Thị Huỳnh H2, bà Võ Thị Thanh H5, bà Võ Thị Thanh H6, ông Võ Thế H3, ông Võ Thế H4 tranh chấp di sản thừa kế của cụ Võ Văn M và cụ Phan Thị S với bị đơn ông Võ Thế Đ. N",16,ALQAC2026_public_test.json
case_7467,PARTIAL_B_WIN,8,Bộ luật dân sự năm 2015,Điều 623,Bộ luật dân sự năm 2015 | Điều 623,"Bà Võ Thị Huỳnh H1 và các đồng nguyên đơn gồm bà Võ Thị Huỳnh H2, bà Võ Thị Thanh H5, bà Võ Thị Thanh H6, ông Võ Thế H3, ông Võ Thế H4 tranh chấp di sản thừa kế của cụ Võ Văn M và cụ Phan Thị S với bị đơn ông Võ Thế Đ. N",16,ALQAC2026_public_test.json
case_7467,PARTIAL_B_WIN,9,Bộ luật dân sự năm 2015,Điều 630,Bộ luật dân sự năm 2015 | Điều 630,"Bà Võ Thị Huỳnh H1 và các đồng nguyên đơn gồm bà Võ Thị Huỳnh H2, bà Võ Thị Thanh H5, bà Võ Thị Thanh H6, ông Võ Thế H3, ông Võ Thế H4 tranh chấp di sản thừa kế của cụ Võ Văn M và cụ Phan Thị S với bị đơn ông Võ Thế Đ. N",16,ALQAC2026_public_test.json
case_7467,PARTIAL_B_WIN,10,Bộ luật dân sự năm 2015,Điều 643,Bộ luật dân sự năm 2015 | Điều 643,"Bà Võ Thị Huỳnh H1 và các đồng nguyên đơn gồm bà Võ Thị Huỳnh H2, bà Võ Thị Thanh H5, bà Võ Thị Thanh H6, ông Võ Thế H3, ông Võ Thế H4 tranh chấp di sản thừa kế của cụ Võ Văn M và cụ Phan Thị S với bị đơn ông Võ Thế Đ. N",16,ALQAC2026_public_test.json
case_7467,PARTIAL_B_WIN,11,Bộ luật dân sự năm 2015,Điều 650,Bộ luật dân sự năm 2015 | Điều 650,"Bà Võ Thị Huỳnh H1 và các đồng nguyên đơn gồm bà Võ Thị Huỳnh H2, bà Võ Thị Thanh H5, bà Võ Thị Thanh H6, ông Võ Thế H3, ông Võ Thế H4 tranh chấp di sản thừa kế của cụ Võ Văn M và cụ Phan Thị S với bị đơn ông Võ Thế Đ. N",16,ALQAC2026_public_test.json
case_7467,PARTIAL_B_WIN,12,Bộ luật dân sự năm 2015,Điều 651,Bộ luật dân sự năm 2015 | Điều 651,"Bà Võ Thị Huỳnh H1 và các đồng nguyên đơn gồm bà Võ Thị Huỳnh H2, bà Võ Thị Thanh H5, bà Võ Thị Thanh H6, ông Võ Thế H3, ông Võ Thế H4 tranh chấp di sản thừa kế của cụ Võ Văn M và cụ Phan Thị S với bị đơn ông Võ Thế Đ. N",16,ALQAC2026_public_test.json
case_7467,PARTIAL_B_WIN,13,Bộ luật dân sự năm 2015,Điều 652,Bộ luật dân sự năm 2015 | Điều 652,"Bà Võ Thị Huỳnh H1 và các đồng nguyên đơn gồm bà Võ Thị Huỳnh H2, bà Võ Thị Thanh H5, bà Võ Thị Thanh H6, ông Võ Thế H3, ông Võ Thế H4 tranh chấp di sản thừa kế của cụ Võ Văn M và cụ Phan Thị S với bị đơn ông Võ Thế Đ. N",16,ALQAC2026_public_test.json
case_7467,PARTIAL_B_WIN,14,"Nghị quyết số 326/2016/UBTVQH14 ngày 30/12/2016 của Ủy ban Thường vụ Quốc hội quy định về mức thu, miễn, giảm, thu, nộp, quản lý và sử dụng án phí và lệ phí tòa án.",Điều 12,"Nghị quyết số 326/2016/UBTVQH14 ngày 30/12/2016 của Ủy ban Thường vụ Quốc hội quy định về mức thu, miễn, giảm, thu, nộp, quản lý và sử dụng án phí và lệ phí tòa án. | Điều 12","Bà Võ Thị Huỳnh H1 và các đồng nguyên đơn gồm bà Võ Thị Huỳnh H2, bà Võ Thị Thanh H5, bà Võ Thị Thanh H6, ông Võ Thế H3, ông Võ Thế H4 tranh chấp di sản thừa kế của cụ Võ Văn M và cụ Phan Thị S với bị đơn ông Võ Thế Đ. N",16,ALQAC2026_public_test.json
case_7467,PARTIAL_B_WIN,15,"Nghị quyết số 326/2016/UBTVQH14 ngày 30/12/2016 của Ủy ban Thường vụ Quốc hội quy định về mức thu, miễn, giảm, thu, nộp, quản lý và sử dụng án phí và lệ phí tòa án.",Điều 26,"Nghị quyết số 326/2016/UBTVQH14 ngày 30/12/2016 của Ủy ban Thường vụ Quốc hội quy định về mức thu, miễn, giảm, thu, nộp, quản lý và sử dụng án phí và lệ phí tòa án. | Điều 26","Bà Võ Thị Huỳnh H1 và các đồng nguyên đơn gồm bà Võ Thị Huỳnh H2, bà Võ Thị Thanh H5, bà Võ Thị Thanh H6, ông Võ Thế H3, ông Võ Thế H4 tranh chấp di sản thừa kế của cụ Võ Văn M và cụ Phan Thị S với bị đơn ông Võ Thế Đ. N",16,ALQAC2026_public_test.json
case_7467,PARTIAL_B_WIN,16,"Nghị quyết số 326/2016/UBTVQH14 ngày 30/12/2016 của Ủy ban Thường vụ Quốc hội quy định về mức thu, miễn, giảm, thu, nộp, quản lý và sử dụng án phí và lệ phí tòa án.",Điều 27,"Nghị quyết số 326/2016/UBTVQH14 ngày 30/12/2016 của Ủy ban Thường vụ Quốc hội quy định về mức thu, miễn, giảm, thu, nộp, quản lý và sử dụng án phí và lệ phí tòa án. | Điều 27","Bà Võ Thị Huỳnh H1 và các đồng nguyên đơn gồm bà Võ Thị Huỳnh H2, bà Võ Thị Thanh H5, bà Võ Thị Thanh H6, ông Võ Thế H3, ông Võ Thế H4 tranh chấp di sản thừa kế của cụ Võ Văn M và cụ Phan Thị S với bị đơn ông Võ Thế Đ. N",16,ALQAC2026_public_test.json
case_149,PARTIAL_B_WIN,1,Bộ luật tố tụng dân sự,Điều 26,Bộ luật tố tụng dân sự | Điều 26,"Ông Trần Xuân V khởi kiện vợ chồng ông Nguyễn Gia H, bà Nguyễn Thị L tranh chấp hợp đồng chuyển nhượng quyền sử dụng đất ký 09/10/2018, đồng thời yêu cầu trả lại tiền nhận và bồi thường thiệt hại theo thỏa thuận phạt. Ag",7,ALQAC2026_public_test.json
case_149,PARTIAL_B_WIN,2,Bộ luật tố tụng dân sự,Điều 35,Bộ luật tố tụng dân sự | Điều 35,"Ông Trần Xuân V khởi kiện vợ chồng ông Nguyễn Gia H, bà Nguyễn Thị L tranh chấp hợp đồng chuyển nhượng quyền sử dụng đất ký 09/10/2018, đồng thời yêu cầu trả lại tiền nhận và bồi thường thiệt hại theo thỏa thuận phạt. Ag",7,ALQAC2026_public_test.json
case_149,PARTIAL_B_WIN,3,Bộ luật tố tụng dân sự,Điều 147,Bộ luật tố tụng dân sự | Điều 147,"Ông Trần Xuân V khởi kiện vợ chồng ông Nguyễn Gia H, bà Nguyễn Thị L tranh chấp hợp đồng chuyển nhượng quyền sử dụng đất ký 09/10/2018, đồng thời yêu cầu trả lại tiền nhận và bồi thường thiệt hại theo thỏa thuận phạt. Ag",7,ALQAC2026_public_test.json
case_149,PARTIAL_B_WIN,4,Luật Đất đai,Điều 167,Luật Đất đai | Điều 167,"Ông Trần Xuân V khởi kiện vợ chồng ông Nguyễn Gia H, bà Nguyễn Thị L tranh chấp hợp đồng chuyển nhượng quyền sử dụng đất ký 09/10/2018, đồng thời yêu cầu trả lại tiền nhận và bồi thường thiệt hại theo thỏa thuận phạt. Ag",7,ALQAC2026_public_test.json
case_149,PARTIAL_B_WIN,5,Luật hôn nhân và gia đình,Điều 45,Luật hôn nhân và gia đình | Điều 45,"Ông Trần Xuân V khởi kiện vợ chồng ông Nguyễn Gia H, bà Nguyễn Thị L tranh chấp hợp đồng chuyển nhượng quyền sử dụng đất ký 09/10/2018, đồng thời yêu cầu trả lại tiền nhận và bồi thường thiệt hại theo thỏa thuận phạt. Ag",7,ALQAC2026_public_test.json
case_149,PARTIAL_B_WIN,6,"Nghị quyết số 326/2016/UBTVQH14 ngày 30/12/2016 Quy định về mức thu, miễn, giảm, thu, nộp, quản lý và sử dụng án phí và lệ phí Tòa án.",Điều 12,"Nghị quyết số 326/2016/UBTVQH14 ngày 30/12/2016 Quy định về mức thu, miễn, giảm, thu, nộp, quản lý và sử dụng án phí và lệ phí Tòa án.  | Điều 12","Ông Trần Xuân V khởi kiện vợ chồng ông Nguyễn Gia H, bà Nguyễn Thị L tranh chấp hợp đồng chuyển nhượng quyền sử dụng đất ký 09/10/2018, đồng thời yêu cầu trả lại tiền nhận và bồi thường thiệt hại theo thỏa thuận phạt. Ag",7,ALQAC2026_public_test.json
case_149,PARTIAL_B_WIN,7,"Nghị quyết số 326/2016/UBTVQH14 ngày 30/12/2016 Quy định về mức thu, miễn, giảm, thu, nộp, quản lý và sử dụng án phí và lệ phí Tòa án.",Điều 26,"Nghị quyết số 326/2016/UBTVQH14 ngày 30/12/2016 Quy định về mức thu, miễn, giảm, thu, nộp, quản lý và sử dụng án phí và lệ phí Tòa án.  | Điều 26","Ông Trần Xuân V khởi kiện vợ chồng ông Nguyễn Gia H, bà Nguyễn Thị L tranh chấp hợp đồng chuyển nhượng quyền sử dụng đất ký 09/10/2018, đồng thời yêu cầu trả lại tiền nhận và bồi thường thiệt hại theo thỏa thuận phạt. Ag",7,ALQAC2026_public_test.json
case_3079,PARTIAL_A_WIN,1,Bộ luật Tố tụng dân sự,Điều 26,Bộ luật Tố tụng dân sự | Điều 26,"Ông V kiện ông T và bà H liên quan về bồi thường thiệt hại ngoài hợp đồng do bị xâm phạm sức khỏe, trong đó ông V yêu cầu bồi thường chi phí điều trị, mất thu nhập, mất thu nhập người chăm sóc, tổn thất tinh thần và thiệ",12,ALQAC2026_public_test.json
case_3079,PARTIAL_A_WIN,2,Bộ luật Tố tụng dân sự,Điều 35,Bộ luật Tố tụng dân sự | Điều 35,"Ông V kiện ông T và bà H liên quan về bồi thường thiệt hại ngoài hợp đồng do bị xâm phạm sức khỏe, trong đó ông V yêu cầu bồi thường chi phí điều trị, mất thu nhập, mất thu nhập người chăm sóc, tổn thất tinh thần và thiệ",12,ALQAC2026_public_test.json
case_3079,PARTIAL_A_WIN,3,Bộ luật Tố tụng dân sự,Điều 39,Bộ luật Tố tụng dân sự | Điều 39,"Ông V kiện ông T và bà H liên quan về bồi thường thiệt hại ngoài hợp đồng do bị xâm phạm sức khỏe, trong đó ông V yêu cầu bồi thường chi phí điều trị, mất thu nhập, mất thu nhập người chăm sóc, tổn thất tinh thần và thiệ",12,ALQAC2026_public_test.json
case_3079,PARTIAL_A_WIN,4,Bộ luật Tố tụng dân sự,Điều 92,Bộ luật Tố tụng dân sự | Điều 92,"Ông V kiện ông T và bà H liên quan về bồi thường thiệt hại ngoài hợp đồng do bị xâm phạm sức khỏe, trong đó ông V yêu cầu bồi thường chi phí điều trị, mất thu nhập, mất thu nhập người chăm sóc, tổn thất tinh thần và thiệ",12,ALQAC2026_public_test.json
case_3079,PARTIAL_A_WIN,5,Bộ luật Tố tụng dân sự,Điều 147,Bộ luật Tố tụng dân sự | Điều 147,"Ông V kiện ông T và bà H liên quan về bồi thường thiệt hại ngoài hợp đồng do bị xâm phạm sức khỏe, trong đó ông V yêu cầu bồi thường chi phí điều trị, mất thu nhập, mất thu nhập người chăm sóc, tổn thất tinh thần và thiệ",12,ALQAC2026_public_test.json
case_3079,PARTIAL_A_WIN,6,Bộ luật Dân sự năm 2005,Điểu 604,Bộ luật Dân sự năm 2005 | Điểu 604,"Ông V kiện ông T và bà H liên quan về bồi thường thiệt hại ngoài hợp đồng do bị xâm phạm sức khỏe, trong đó ông V yêu cầu bồi thường chi phí điều trị, mất thu nhập, mất thu nhập người chăm sóc, tổn thất tinh thần và thiệ",12,ALQAC2026_public_test.json
case_3079,PARTIAL_A_WIN,7,Bộ luật Dân sự năm 2005,Điểu 605,Bộ luật Dân sự năm 2005 | Điểu 605,"Ông V kiện ông T và bà H liên quan về bồi thường thiệt hại ngoài hợp đồng do bị xâm phạm sức khỏe, trong đó ông V yêu cầu bồi thường chi phí điều trị, mất thu nhập, mất thu nhập người chăm sóc, tổn thất tinh thần và thiệ",12,ALQAC2026_public_test.json
case_3079,PARTIAL_A_WIN,8,Bộ luật Dân sự năm 2005,Điểu 606,Bộ luật Dân sự năm 2005 | Điểu 606,"Ông V kiện ông T và bà H liên quan về bồi thường thiệt hại ngoài hợp đồng do bị xâm phạm sức khỏe, trong đó ông V yêu cầu bồi thường chi phí điều trị, mất thu nhập, mất thu nhập người chăm sóc, tổn thất tinh thần và thiệ",12,ALQAC2026_public_test.json
case_3079,PARTIAL_A_WIN,9,Bộ luật Dân sự năm 2005,Điểu 608,Bộ luật Dân sự năm 2005 | Điểu 608,"Ông V kiện ông T và bà H liên quan về bồi thường thiệt hại ngoài hợp đồng do bị xâm phạm sức khỏe, trong đó ông V yêu cầu bồi thường chi phí điều trị, mất thu nhập, mất thu nhập người chăm sóc, tổn thất tinh thần và thiệ",12,ALQAC2026_public_test.json
case_3079,PARTIAL_A_WIN,10,Bộ luật Dân sự năm 2005,Điểu 609,Bộ luật Dân sự năm 2005 | Điểu 609,"Ông V kiện ông T và bà H liên quan về bồi thường thiệt hại ngoài hợp đồng do bị xâm phạm sức khỏe, trong đó ông V yêu cầu bồi thường chi phí điều trị, mất thu nhập, mất thu nhập người chăm sóc, tổn thất tinh thần và thiệ",12,ALQAC2026_public_test.json
case_3079,PARTIAL_A_WIN,11,"Nghị quyết số 326/2016/QH14 ngày 30/12/2016 của Ủy ban thường vụ quốc hội quy định về mức thu, miễn, giảm, thu, nộp, quản lý và sử dụng án phí và lệ phí Tòa án",Điều 12,"Nghị quyết số 326/2016/QH14 ngày 30/12/2016 của Ủy ban thường vụ quốc hội quy định về mức thu, miễn, giảm, thu, nộp, quản lý và sử dụng án phí và lệ phí Tòa án | Điều 12","Ông V kiện ông T và bà H liên quan về bồi thường thiệt hại ngoài hợp đồng do bị xâm phạm sức khỏe, trong đó ông V yêu cầu bồi thường chi phí điều trị, mất thu nhập, mất thu nhập người chăm sóc, tổn thất tinh thần và thiệ",12,ALQAC2026_public_test.json
case_3079,PARTIAL_A_WIN,12,"Nghị quyết số 326/2016/QH14 ngày 30/12/2016 của Ủy ban thường vụ quốc hội quy định về mức thu, miễn, giảm, thu, nộp, quản lý và sử dụng án phí và lệ phí Tòa án",Điều 26,"Nghị quyết số 326/2016/QH14 ngày 30/12/2016 của Ủy ban thường vụ quốc hội quy định về mức thu, miễn, giảm, thu, nộp, quản lý và sử dụng án phí và lệ phí Tòa án | Điều 26","Ông V kiện ông T và bà H liên quan về bồi thường thiệt hại ngoài hợp đồng do bị xâm phạm sức khỏe, trong đó ông V yêu cầu bồi thường chi phí điều trị, mất thu nhập, mất thu nhập người chăm sóc, tổn thất tinh thần và thiệ",12,ALQAC2026_public_test.json
case_8812,PARTIAL_A_WIN,1,Bộ luật dân sự,Điều 357,Bộ luật dân sự | Điều 357,"Anh Trần Văn N khởi kiện các anh Đào Nhựt Q, Trần Quang V về bồi thường thiệt hại ngoài hợp đồng do bị đánh gây thương tích trong tiệc rượu ngày 24/11/2017, yêu cầu liên đới chi phí thuốc, viện phí, thu nhập bị mất và bù",10,ALQAC2026_public_test.json
case_8812,PARTIAL_A_WIN,2,Bộ luật dân sự,Điều 584,Bộ luật dân sự | Điều 584,"Anh Trần Văn N khởi kiện các anh Đào Nhựt Q, Trần Quang V về bồi thường thiệt hại ngoài hợp đồng do bị đánh gây thương tích trong tiệc rượu ngày 24/11/2017, yêu cầu liên đới chi phí thuốc, viện phí, thu nhập bị mất và bù",10,ALQAC2026_public_test.json
case_8812,PARTIAL_A_WIN,3,Bộ luật dân sự,Điều 585,Bộ luật dân sự | Điều 585,"Anh Trần Văn N khởi kiện các anh Đào Nhựt Q, Trần Quang V về bồi thường thiệt hại ngoài hợp đồng do bị đánh gây thương tích trong tiệc rượu ngày 24/11/2017, yêu cầu liên đới chi phí thuốc, viện phí, thu nhập bị mất và bù",10,ALQAC2026_public_test.json
case_8812,PARTIAL_A_WIN,4,Bộ luật dân sự,Điều 586,Bộ luật dân sự | Điều 586,"Anh Trần Văn N khởi kiện các anh Đào Nhựt Q, Trần Quang V về bồi thường thiệt hại ngoài hợp đồng do bị đánh gây thương tích trong tiệc rượu ngày 24/11/2017, yêu cầu liên đới chi phí thuốc, viện phí, thu nhập bị mất và bù",10,ALQAC2026_public_test.json
case_8812,PARTIAL_A_WIN,5,Bộ luật dân sự,Điều 587,Bộ luật dân sự | Điều 587,"Anh Trần Văn N khởi kiện các anh Đào Nhựt Q, Trần Quang V về bồi thường thiệt hại ngoài hợp đồng do bị đánh gây thương tích trong tiệc rượu ngày 24/11/2017, yêu cầu liên đới chi phí thuốc, viện phí, thu nhập bị mất và bù",10,ALQAC2026_public_test.json
case_8812,PARTIAL_A_WIN,6,Bộ luật dân sự,Điều 590,Bộ luật dân sự | Điều 590,"Anh Trần Văn N khởi kiện các anh Đào Nhựt Q, Trần Quang V về bồi thường thiệt hại ngoài hợp đồng do bị đánh gây thương tích trong tiệc rượu ngày 24/11/2017, yêu cầu liên đới chi phí thuốc, viện phí, thu nhập bị mất và bù",10,ALQAC2026_public_test.json
case_8812,PARTIAL_A_WIN,7,Bộ luật tố tụng dân sự,Điều 227,Bộ luật tố tụng dân sự |  Điều 227,"Anh Trần Văn N khởi kiện các anh Đào Nhựt Q, Trần Quang V về bồi thường thiệt hại ngoài hợp đồng do bị đánh gây thương tích trong tiệc rượu ngày 24/11/2017, yêu cầu liên đới chi phí thuốc, viện phí, thu nhập bị mất và bù",10,ALQAC2026_public_test.json
case_8812,PARTIAL_A_WIN,8,Bộ luật tố tụng dân sự,Điều 228,Bộ luật tố tụng dân sự |  Điều 228,"Anh Trần Văn N khởi kiện các anh Đào Nhựt Q, Trần Quang V về bồi thường thiệt hại ngoài hợp đồng do bị đánh gây thương tích trong tiệc rượu ngày 24/11/2017, yêu cầu liên đới chi phí thuốc, viện phí, thu nhập bị mất và bù",10,ALQAC2026_public_test.json
case_8812,PARTIAL_A_WIN,9,Bộ luật tố tụng dân sự,Điều 244,Bộ luật tố tụng dân sự |  Điều 244,"Anh Trần Văn N khởi kiện các anh Đào Nhựt Q, Trần Quang V về bồi thường thiệt hại ngoài hợp đồng do bị đánh gây thương tích trong tiệc rượu ngày 24/11/2017, yêu cầu liên đới chi phí thuốc, viện phí, thu nhập bị mất và bù",10,ALQAC2026_public_test.json
case_8812,PARTIAL_A_WIN,10,Nghị quyết số 326/2016/UBTVQH14 ngày 30/12/2016 của Ủy ban Thường vụ Quốc hội.,,Nghị quyết số 326/2016/UBTVQH14 ngày 30/12/2016 của Ủy ban Thường vụ Quốc hội.,"Anh Trần Văn N khởi kiện các anh Đào Nhựt Q, Trần Quang V về bồi thường thiệt hại ngoài hợp đồng do bị đánh gây thương tích trong tiệc rượu ngày 24/11/2017, yêu cầu liên đới chi phí thuốc, viện phí, thu nhập bị mất và bù",10,ALQAC2026_public_test.json
case_5057,A_WIN,1,Bộ luật tố tụng dân sự,Điều 26,Bộ luật tố tụng dân sự | Điều 26,"Ông HNA khởi kiện ông ĐTK (Đỗ Văn Hào) và bà HTKN về tranh chấp quyền sử dụng 52,7m2 đất, phát sinh từ việc ngày 20/10/2007 ông A lập tờ cam kết cho vợ chồng bị đơn mượn đất ở nhờ 5 năm để cất nhà, hết hạn không trả. Ông",16,ALQAC2026_public_test.json
case_5057,A_WIN,2,Bộ luật tố tụng dân sự,Điều 35,Bộ luật tố tụng dân sự | Điều 35,"Ông HNA khởi kiện ông ĐTK (Đỗ Văn Hào) và bà HTKN về tranh chấp quyền sử dụng 52,7m2 đất, phát sinh từ việc ngày 20/10/2007 ông A lập tờ cam kết cho vợ chồng bị đơn mượn đất ở nhờ 5 năm để cất nhà, hết hạn không trả. Ông",16,ALQAC2026_public_test.json
case_5057,A_WIN,3,Bộ luật tố tụng dân sự,Điều 39,Bộ luật tố tụng dân sự | Điều 39,"Ông HNA khởi kiện ông ĐTK (Đỗ Văn Hào) và bà HTKN về tranh chấp quyền sử dụng 52,7m2 đất, phát sinh từ việc ngày 20/10/2007 ông A lập tờ cam kết cho vợ chồng bị đơn mượn đất ở nhờ 5 năm để cất nhà, hết hạn không trả. Ông",16,ALQAC2026_public_test.json
case_5057,A_WIN,4,Bộ luật tố tụng dân sự,Điều 86,Bộ luật tố tụng dân sự | Điều 86,"Ông HNA khởi kiện ông ĐTK (Đỗ Văn Hào) và bà HTKN về tranh chấp quyền sử dụng 52,7m2 đất, phát sinh từ việc ngày 20/10/2007 ông A lập tờ cam kết cho vợ chồng bị đơn mượn đất ở nhờ 5 năm để cất nhà, hết hạn không trả. Ông",16,ALQAC2026_public_test.json
case_5057,A_WIN,5,Bộ luật tố tụng dân sự,Điều 91,Bộ luật tố tụng dân sự | Điều 91,"Ông HNA khởi kiện ông ĐTK (Đỗ Văn Hào) và bà HTKN về tranh chấp quyền sử dụng 52,7m2 đất, phát sinh từ việc ngày 20/10/2007 ông A lập tờ cam kết cho vợ chồng bị đơn mượn đất ở nhờ 5 năm để cất nhà, hết hạn không trả. Ông",16,ALQAC2026_public_test.json
case_5057,A_WIN,6,Bộ luật tố tụng dân sự,Điều 147,Bộ luật tố tụng dân sự | Điều 147,"Ông HNA khởi kiện ông ĐTK (Đỗ Văn Hào) và bà HTKN về tranh chấp quyền sử dụng 52,7m2 đất, phát sinh từ việc ngày 20/10/2007 ông A lập tờ cam kết cho vợ chồng bị đơn mượn đất ở nhờ 5 năm để cất nhà, hết hạn không trả. Ông",16,ALQAC2026_public_test.json
case_5057,A_WIN,7,Bộ luật tố tụng dân sự,Điều 157,Bộ luật tố tụng dân sự | Điều 157,"Ông HNA khởi kiện ông ĐTK (Đỗ Văn Hào) và bà HTKN về tranh chấp quyền sử dụng 52,7m2 đất, phát sinh từ việc ngày 20/10/2007 ông A lập tờ cam kết cho vợ chồng bị đơn mượn đất ở nhờ 5 năm để cất nhà, hết hạn không trả. Ông",16,ALQAC2026_public_test.json
case_5057,A_WIN,8,Bộ luật tố tụng dân sự,Điều 165,Bộ luật tố tụng dân sự | Điều 165,"Ông HNA khởi kiện ông ĐTK (Đỗ Văn Hào) và bà HTKN về tranh chấp quyền sử dụng 52,7m2 đất, phát sinh từ việc ngày 20/10/2007 ông A lập tờ cam kết cho vợ chồng bị đơn mượn đất ở nhờ 5 năm để cất nhà, hết hạn không trả. Ông",16,ALQAC2026_public_test.json
case_5057,A_WIN,9,Bộ luật tố tụng dân sự,Điều 271,Bộ luật tố tụng dân sự | Điều 271,"Ông HNA khởi kiện ông ĐTK (Đỗ Văn Hào) và bà HTKN về tranh chấp quyền sử dụng 52,7m2 đất, phát sinh từ việc ngày 20/10/2007 ông A lập tờ cam kết cho vợ chồng bị đơn mượn đất ở nhờ 5 năm để cất nhà, hết hạn không trả. Ông",16,ALQAC2026_public_test.json
case_5057,A_WIN,10,Bộ luật tố tụng dân sự,Điều 273,Bộ luật tố tụng dân sự | Điều 273,"Ông HNA khởi kiện ông ĐTK (Đỗ Văn Hào) và bà HTKN về tranh chấp quyền sử dụng 52,7m2 đất, phát sinh từ việc ngày 20/10/2007 ông A lập tờ cam kết cho vợ chồng bị đơn mượn đất ở nhờ 5 năm để cất nhà, hết hạn không trả. Ông",16,ALQAC2026_public_test.json
case_5057,A_WIN,11,Bộ luật dân sự năm 2015,Điều 274,Bộ luật dân sự năm 2015 | Điều 274,"Ông HNA khởi kiện ông ĐTK (Đỗ Văn Hào) và bà HTKN về tranh chấp quyền sử dụng 52,7m2 đất, phát sinh từ việc ngày 20/10/2007 ông A lập tờ cam kết cho vợ chồng bị đơn mượn đất ở nhờ 5 năm để cất nhà, hết hạn không trả. Ông",16,ALQAC2026_public_test.json
case_5057,A_WIN,12,Bộ luật dân sự năm 2015,Điều 351,Bộ luật dân sự năm 2015 | Điều 351,"Ông HNA khởi kiện ông ĐTK (Đỗ Văn Hào) và bà HTKN về tranh chấp quyền sử dụng 52,7m2 đất, phát sinh từ việc ngày 20/10/2007 ông A lập tờ cam kết cho vợ chồng bị đơn mượn đất ở nhờ 5 năm để cất nhà, hết hạn không trả. Ông",16,ALQAC2026_public_test.json
case_5057,A_WIN,13,Bộ luật dân sự năm 2015,Điều 353,Bộ luật dân sự năm 2015 | Điều 353,"Ông HNA khởi kiện ông ĐTK (Đỗ Văn Hào) và bà HTKN về tranh chấp quyền sử dụng 52,7m2 đất, phát sinh từ việc ngày 20/10/2007 ông A lập tờ cam kết cho vợ chồng bị đơn mượn đất ở nhờ 5 năm để cất nhà, hết hạn không trả. Ông",16,ALQAC2026_public_test.json
case_5057,A_WIN,14,Luật đất đai năm 2013,Điều 166,Luật đất đai năm 2013 | Điều 166,"Ông HNA khởi kiện ông ĐTK (Đỗ Văn Hào) và bà HTKN về tranh chấp quyền sử dụng 52,7m2 đất, phát sinh từ việc ngày 20/10/2007 ông A lập tờ cam kết cho vợ chồng bị đơn mượn đất ở nhờ 5 năm để cất nhà, hết hạn không trả. Ông",16,ALQAC2026_public_test.json
case_5057,A_WIN,15,Nghị quyết số 326/2016/UBTVQH14,Điều 48,Nghị quyết số 326/2016/UBTVQH14 | Điều 48,"Ông HNA khởi kiện ông ĐTK (Đỗ Văn Hào) và bà HTKN về tranh chấp quyền sử dụng 52,7m2 đất, phát sinh từ việc ngày 20/10/2007 ông A lập tờ cam kết cho vợ chồng bị đơn mượn đất ở nhờ 5 năm để cất nhà, hết hạn không trả. Ông",16,ALQAC2026_public_test.json
case_5057,A_WIN,16,Pháp lệnh số 10/2009/UBTVQH12,Điều 27,Pháp lệnh số 10/2009/UBTVQH12 | Điều 27,"Ông HNA khởi kiện ông ĐTK (Đỗ Văn Hào) và bà HTKN về tranh chấp quyền sử dụng 52,7m2 đất, phát sinh từ việc ngày 20/10/2007 ông A lập tờ cam kết cho vợ chồng bị đơn mượn đất ở nhờ 5 năm để cất nhà, hết hạn không trả. Ông",16,ALQAC2026_public_test.json
case_551,PARTIAL_A_WIN,1,Bộ luật dân sự 2015,"điều 116, điều 185, điều 579","Bộ luật dân sự 2015 | điều 116, điều 185, điều 579","Nguyên đơn ông Nguyễn Hữu C (và người đại diện theo ủy quyền) tranh chấp với bị đơn ông Hoàng Đình T, ông Hoàng Đình L cùng UBND xã T S và UBND huyện Đ L. Tranh chấp quyền sử dụng các thửa đất liên quan thửa 18 và thửa 5",9,ALQAC2026_public_test.json
case_551,PARTIAL_A_WIN,2,Luật đất đai 2013,điều 166,Luật đất đai 2013 | điều 166,"Nguyên đơn ông Nguyễn Hữu C (và người đại diện theo ủy quyền) tranh chấp với bị đơn ông Hoàng Đình T, ông Hoàng Đình L cùng UBND xã T S và UBND huyện Đ L. Tranh chấp quyền sử dụng các thửa đất liên quan thửa 18 và thửa 5",9,ALQAC2026_public_test.json
case_551,PARTIAL_A_WIN,3,Luật đất đai 2003,"điều 50 khoản 1, điều 52 khoản 2","Luật đất đai 2003 | điều 50 khoản 1, điều 52 khoản 2","Nguyên đơn ông Nguyễn Hữu C (và người đại diện theo ủy quyền) tranh chấp với bị đơn ông Hoàng Đình T, ông Hoàng Đình L cùng UBND xã T S và UBND huyện Đ L. Tranh chấp quyền sử dụng các thửa đất liên quan thửa 18 và thửa 5",9,ALQAC2026_public_test.json
case_551,PARTIAL_A_WIN,4,Nghị định 181/2004/NĐ-CP ngày 29/10/2004,điều 48 khoản 1,Nghị định 181/2004/NĐ-CP ngày 29/10/2004 | điều 48 khoản 1,"Nguyên đơn ông Nguyễn Hữu C (và người đại diện theo ủy quyền) tranh chấp với bị đơn ông Hoàng Đình T, ông Hoàng Đình L cùng UBND xã T S và UBND huyện Đ L. Tranh chấp quyền sử dụng các thửa đất liên quan thửa 18 và thửa 5",9,ALQAC2026_public_test.json
case_551,PARTIAL_A_WIN,5,"Luật khiếu nại, tố cáo năm 1998","điểu 2 khoản 1 khoản 11 khoản 12, điều 19, điều 20","Luật khiếu nại, tố cáo năm 1998 | điểu 2 khoản 1 khoản 11 khoản 12, điều 19, điều 20","Nguyên đơn ông Nguyễn Hữu C (và người đại diện theo ủy quyền) tranh chấp với bị đơn ông Hoàng Đình T, ông Hoàng Đình L cùng UBND xã T S và UBND huyện Đ L. Tranh chấp quyền sử dụng các thửa đất liên quan thửa 18 và thửa 5",9,ALQAC2026_public_test.json
case_551,PARTIAL_A_WIN,6,Luật sửa đổi bổ sung một số điều của Luật khiếu nại tố cáo năm 2006,điều 1 khoản 12,Luật sửa đổi bổ sung một số điều của Luật khiếu nại tố cáo năm 2006 | điều 1 khoản 12,"Nguyên đơn ông Nguyễn Hữu C (và người đại diện theo ủy quyền) tranh chấp với bị đơn ông Hoàng Đình T, ông Hoàng Đình L cùng UBND xã T S và UBND huyện Đ L. Tranh chấp quyền sử dụng các thửa đất liên quan thửa 18 và thửa 5",9,ALQAC2026_public_test.json
case_551,PARTIAL_A_WIN,7,Luật khiếu nại,"điều 2 khoản 1 khoản 8 khoản 9, điều 38, điều 39","Luật khiếu nại | điều 2 khoản 1 khoản 8 khoản 9, điều 38, điều 39","Nguyên đơn ông Nguyễn Hữu C (và người đại diện theo ủy quyền) tranh chấp với bị đơn ông Hoàng Đình T, ông Hoàng Đình L cùng UBND xã T S và UBND huyện Đ L. Tranh chấp quyền sử dụng các thửa đất liên quan thửa 18 và thửa 5",9,ALQAC2026_public_test.json
case_551,PARTIAL_A_WIN,8,Luật tố tụng hành chính,điều 193,Luật tố tụng hành chính | điều 193,"Nguyên đơn ông Nguyễn Hữu C (và người đại diện theo ủy quyền) tranh chấp với bị đơn ông Hoàng Đình T, ông Hoàng Đình L cùng UBND xã T S và UBND huyện Đ L. Tranh chấp quyền sử dụng các thửa đất liên quan thửa 18 và thửa 5",9,ALQAC2026_public_test.json
case_551,PARTIAL_A_WIN,9,Bộ luật tố tụng dân sự,điều 147,Bộ luật tố tụng dân sự | điều 147,"Nguyên đơn ông Nguyễn Hữu C (và người đại diện theo ủy quyền) tranh chấp với bị đơn ông Hoàng Đình T, ông Hoàng Đình L cùng UBND xã T S và UBND huyện Đ L. Tranh chấp quyền sử dụng các thửa đất liên quan thửa 18 và thửa 5",9,ALQAC2026_public_test.json
case_669,B_WIN,1,Bộ Luật tố tụng dân sự,"Điều 147, điều 157, điều 165, điều 266, Điều 273, điều 26 khoản 3, điều 35 khoản 01, điều 39 khoản 01","Bộ Luật tố tụng dân sự | Điều 147, điều 157, điều 165, điều 266, Điều 273, điều 26 khoản 3, điều 35 khoản 01, điều 39 khoản 01","Nguyên đơn ông Danh Ch, bà Thị M tranh chấp với các bị đơn bà Thị X, bà Thị Q, bà Thị Đ, ông Danh C về việc hủy/bảo lưu hợp đồng chuyển nhượng quyền sử dụng đất viết tay miệng năm 1995 liên quan diện tích khoảng 3.263m2",6,ALQAC2026_public_test.json
case_669,B_WIN,2,Bộ luật dân sự năm 2005,điều 297,Bộ luật dân sự năm 2005 | điều 297,"Nguyên đơn ông Danh Ch, bà Thị M tranh chấp với các bị đơn bà Thị X, bà Thị Q, bà Thị Đ, ông Danh C về việc hủy/bảo lưu hợp đồng chuyển nhượng quyền sử dụng đất viết tay miệng năm 1995 liên quan diện tích khoảng 3.263m2",6,ALQAC2026_public_test.json
case_669,B_WIN,3,Bộ luật dân sự năm 2015,điều 688,Bộ luật dân sự năm 2015 | điều 688,"Nguyên đơn ông Danh Ch, bà Thị M tranh chấp với các bị đơn bà Thị X, bà Thị Q, bà Thị Đ, ông Danh C về việc hủy/bảo lưu hợp đồng chuyển nhượng quyền sử dụng đất viết tay miệng năm 1995 liên quan diện tích khoảng 3.263m2",6,ALQAC2026_public_test.json
case_669,B_WIN,4,"Nghị quyết số 02/2004/NQ-HĐTP, ngày 10/8/2004",,"Nghị quyết số 02/2004/NQ-HĐTP, ngày 10/8/2004","Nguyên đơn ông Danh Ch, bà Thị M tranh chấp với các bị đơn bà Thị X, bà Thị Q, bà Thị Đ, ông Danh C về việc hủy/bảo lưu hợp đồng chuyển nhượng quyền sử dụng đất viết tay miệng năm 1995 liên quan diện tích khoảng 3.263m2",6,ALQAC2026_public_test.json
case_669,B_WIN,5,Nghị quyết 10/2009/PL-UBTVQH 12 ngày 27-02-2009,,Nghị quyết 10/2009/PL-UBTVQH 12 ngày 27-02-2009,"Nguyên đơn ông Danh Ch, bà Thị M tranh chấp với các bị đơn bà Thị X, bà Thị Q, bà Thị Đ, ông Danh C về việc hủy/bảo lưu hợp đồng chuyển nhượng quyền sử dụng đất viết tay miệng năm 1995 liên quan diện tích khoảng 3.263m2",6,ALQAC2026_public_test.json
case_669,B_WIN,6,"Nghị quyết số: 326/2016/UBTVQH14, ngày 30/12/2016",điều 48,"Nghị quyết số: 326/2016/UBTVQH14, ngày 30/12/2016 | điều 48","Nguyên đơn ông Danh Ch, bà Thị M tranh chấp với các bị đơn bà Thị X, bà Thị Q, bà Thị Đ, ông Danh C về việc hủy/bảo lưu hợp đồng chuyển nhượng quyền sử dụng đất viết tay miệng năm 1995 liên quan diện tích khoảng 3.263m2",6,ALQAC2026_public_test.json
case_4557,B_WIN,1,Bộ luật Tố tụng Dân sự năm 2015,Điều 26,Bộ luật Tố tụng Dân sự năm 2015| Điều 26,"Ông Thái C và Công ty C tranh chấp hợp đồng kinh tế số 158/2015/HĐKT về cung cấp nhân lực, máy và thiết bị thi công phần “Tổ nhân công” công trình Khu Hành chính huyện H, tỉnh Đồng Tháp, liên quan chấm dứt, quyết toán cô",18,ALQAC2026_public_test.json
case_4557,B_WIN,2,Bộ luật Tố tụng Dân sự năm 2015,Điều 35,Bộ luật Tố tụng Dân sự năm 2015| Điều 35,"Ông Thái C và Công ty C tranh chấp hợp đồng kinh tế số 158/2015/HĐKT về cung cấp nhân lực, máy và thiết bị thi công phần “Tổ nhân công” công trình Khu Hành chính huyện H, tỉnh Đồng Tháp, liên quan chấm dứt, quyết toán cô",18,ALQAC2026_public_test.json
case_4557,B_WIN,3,Bộ luật Tố tụng Dân sự năm 2015,Điều 39,Bộ luật Tố tụng Dân sự năm 2015| Điều 39,"Ông Thái C và Công ty C tranh chấp hợp đồng kinh tế số 158/2015/HĐKT về cung cấp nhân lực, máy và thiết bị thi công phần “Tổ nhân công” công trình Khu Hành chính huyện H, tỉnh Đồng Tháp, liên quan chấm dứt, quyết toán cô",18,ALQAC2026_public_test.json
case_4557,B_WIN,4,Bộ luật Tố tụng Dân sự năm 2015,Điều 40,Bộ luật Tố tụng Dân sự năm 2015| Điều 40,"Ông Thái C và Công ty C tranh chấp hợp đồng kinh tế số 158/2015/HĐKT về cung cấp nhân lực, máy và thiết bị thi công phần “Tổ nhân công” công trình Khu Hành chính huyện H, tỉnh Đồng Tháp, liên quan chấm dứt, quyết toán cô",18,ALQAC2026_public_test.json
case_4557,B_WIN,5,Bộ luật Tố tụng Dân sự năm 2015,Điều 91,Bộ luật Tố tụng Dân sự năm 2015| Điều 91,"Ông Thái C và Công ty C tranh chấp hợp đồng kinh tế số 158/2015/HĐKT về cung cấp nhân lực, máy và thiết bị thi công phần “Tổ nhân công” công trình Khu Hành chính huyện H, tỉnh Đồng Tháp, liên quan chấm dứt, quyết toán cô",18,ALQAC2026_public_test.json
case_4557,B_WIN,6,Bộ luật Tố tụng Dân sự năm 2015,Điều 144,Bộ luật Tố tụng Dân sự năm 2015| Điều 144,"Ông Thái C và Công ty C tranh chấp hợp đồng kinh tế số 158/2015/HĐKT về cung cấp nhân lực, máy và thiết bị thi công phần “Tổ nhân công” công trình Khu Hành chính huyện H, tỉnh Đồng Tháp, liên quan chấm dứt, quyết toán cô",18,ALQAC2026_public_test.json
case_4557,B_WIN,7,Bộ luật Tố tụng Dân sự năm 2015,Điều 147,Bộ luật Tố tụng Dân sự năm 2015| Điều 147,"Ông Thái C và Công ty C tranh chấp hợp đồng kinh tế số 158/2015/HĐKT về cung cấp nhân lực, máy và thiết bị thi công phần “Tổ nhân công” công trình Khu Hành chính huyện H, tỉnh Đồng Tháp, liên quan chấm dứt, quyết toán cô",18,ALQAC2026_public_test.json
case_4557,B_WIN,8,Bộ luật Tố tụng Dân sự năm 2015,Điều 227,Bộ luật Tố tụng Dân sự năm 2015| Điều 227,"Ông Thái C và Công ty C tranh chấp hợp đồng kinh tế số 158/2015/HĐKT về cung cấp nhân lực, máy và thiết bị thi công phần “Tổ nhân công” công trình Khu Hành chính huyện H, tỉnh Đồng Tháp, liên quan chấm dứt, quyết toán cô",18,ALQAC2026_public_test.json
case_4557,B_WIN,9,Bộ luật Tố tụng Dân sự năm 2015,Điều 228,Bộ luật Tố tụng Dân sự năm 2015| Điều 228,"Ông Thái C và Công ty C tranh chấp hợp đồng kinh tế số 158/2015/HĐKT về cung cấp nhân lực, máy và thiết bị thi công phần “Tổ nhân công” công trình Khu Hành chính huyện H, tỉnh Đồng Tháp, liên quan chấm dứt, quyết toán cô",18,ALQAC2026_public_test.json
case_4557,B_WIN,10,Bộ luật Tố tụng Dân sự năm 2015,Điều 244,Bộ luật Tố tụng Dân sự năm 2015| Điều 244,"Ông Thái C và Công ty C tranh chấp hợp đồng kinh tế số 158/2015/HĐKT về cung cấp nhân lực, máy và thiết bị thi công phần “Tổ nhân công” công trình Khu Hành chính huyện H, tỉnh Đồng Tháp, liên quan chấm dứt, quyết toán cô",18,ALQAC2026_public_test.json
case_4557,B_WIN,11,Bộ luật Dân sự năm 2015,Điều 385,Bộ luật Dân sự năm 2015| Điều 385,"Ông Thái C và Công ty C tranh chấp hợp đồng kinh tế số 158/2015/HĐKT về cung cấp nhân lực, máy và thiết bị thi công phần “Tổ nhân công” công trình Khu Hành chính huyện H, tỉnh Đồng Tháp, liên quan chấm dứt, quyết toán cô",18,ALQAC2026_public_test.json
case_4557,B_WIN,12,Bộ luật Dân sự năm 2015,Điều 419,Bộ luật Dân sự năm 2015| Điều 419,"Ông Thái C và Công ty C tranh chấp hợp đồng kinh tế số 158/2015/HĐKT về cung cấp nhân lực, máy và thiết bị thi công phần “Tổ nhân công” công trình Khu Hành chính huyện H, tỉnh Đồng Tháp, liên quan chấm dứt, quyết toán cô",18,ALQAC2026_public_test.json
case_4557,B_WIN,13,Luật Xây dựng năm 2014,Điều 138,Luật Xây dựng năm 2014| Điều 138,"Ông Thái C và Công ty C tranh chấp hợp đồng kinh tế số 158/2015/HĐKT về cung cấp nhân lực, máy và thiết bị thi công phần “Tổ nhân công” công trình Khu Hành chính huyện H, tỉnh Đồng Tháp, liên quan chấm dứt, quyết toán cô",18,ALQAC2026_public_test.json
case_4557,B_WIN,14,Luật Xây dựng năm 2014,Điều 139,Luật Xây dựng năm 2014| Điều 139,"Ông Thái C và Công ty C tranh chấp hợp đồng kinh tế số 158/2015/HĐKT về cung cấp nhân lực, máy và thiết bị thi công phần “Tổ nhân công” công trình Khu Hành chính huyện H, tỉnh Đồng Tháp, liên quan chấm dứt, quyết toán cô",18,ALQAC2026_public_test.json
case_4557,B_WIN,15,Luật Xây dựng năm 2014,Điều 140,Luật Xây dựng năm 2014| Điều 140,"Ông Thái C và Công ty C tranh chấp hợp đồng kinh tế số 158/2015/HĐKT về cung cấp nhân lực, máy và thiết bị thi công phần “Tổ nhân công” công trình Khu Hành chính huyện H, tỉnh Đồng Tháp, liên quan chấm dứt, quyết toán cô",18,ALQAC2026_public_test.json
case_4557,B_WIN,16,Luật Xây dựng năm 2014,Điều 146,Luật Xây dựng năm 2014| Điều 146,"Ông Thái C và Công ty C tranh chấp hợp đồng kinh tế số 158/2015/HĐKT về cung cấp nhân lực, máy và thiết bị thi công phần “Tổ nhân công” công trình Khu Hành chính huyện H, tỉnh Đồng Tháp, liên quan chấm dứt, quyết toán cô",18,ALQAC2026_public_test.json
case_4557,B_WIN,17,Nghị định số 37/2015/NĐ-CP ngày 22 tháng 4 năm 2015 của Chính phủ,Điều 3,Nghị định số 37/2015/NĐ-CP ngày 22 tháng 4 năm 2015 của Chính phủ| Điều 3,"Ông Thái C và Công ty C tranh chấp hợp đồng kinh tế số 158/2015/HĐKT về cung cấp nhân lực, máy và thiết bị thi công phần “Tổ nhân công” công trình Khu Hành chính huyện H, tỉnh Đồng Tháp, liên quan chấm dứt, quyết toán cô",18,ALQAC2026_public_test.json
case_4557,B_WIN,18,Nghị định số 37/2015/NĐ-CP ngày 22 tháng 4 năm 2015 của Chính phủ,Điều 4.,Nghị định số 37/2015/NĐ-CP ngày 22 tháng 4 năm 2015 của Chính phủ| Điều 4.,"Ông Thái C và Công ty C tranh chấp hợp đồng kinh tế số 158/2015/HĐKT về cung cấp nhân lực, máy và thiết bị thi công phần “Tổ nhân công” công trình Khu Hành chính huyện H, tỉnh Đồng Tháp, liên quan chấm dứt, quyết toán cô",18,ALQAC2026_public_test.json
case_950,B_WIN,1,Bộ luật Tố tụng dân sự năm 2015,Điều 144,Bộ luật Tố tụng dân sự năm 2015| Điều 144,"Ông Huỳnh Tấn T kiện ông Nguyễn Khánh T2 tranh chấp quyền sử dụng đất kèm đòi bồi thường 56 cây chuối bị chặt. Quyền sử dụng đối với thửa đất diện tích 1.421,38m2 tại thửa số 173, tờ bản đồ 26; cho rằng bị đơn lấn chiếm",13,ALQAC2026_public_test.json
case_950,B_WIN,2,Bộ luật Tố tụng dân sự năm 2015,Điều 147,Bộ luật Tố tụng dân sự năm 2015| Điều 147,"Ông Huỳnh Tấn T kiện ông Nguyễn Khánh T2 tranh chấp quyền sử dụng đất kèm đòi bồi thường 56 cây chuối bị chặt. Quyền sử dụng đối với thửa đất diện tích 1.421,38m2 tại thửa số 173, tờ bản đồ 26; cho rằng bị đơn lấn chiếm",13,ALQAC2026_public_test.json
case_950,B_WIN,3,Bộ luật Tố tụng dân sự năm 2015,Điều 157,Bộ luật Tố tụng dân sự năm 2015| Điều 157,"Ông Huỳnh Tấn T kiện ông Nguyễn Khánh T2 tranh chấp quyền sử dụng đất kèm đòi bồi thường 56 cây chuối bị chặt. Quyền sử dụng đối với thửa đất diện tích 1.421,38m2 tại thửa số 173, tờ bản đồ 26; cho rằng bị đơn lấn chiếm",13,ALQAC2026_public_test.json
case_950,B_WIN,4,Bộ luật Tố tụng dân sự năm 2015,Điều 165,Bộ luật Tố tụng dân sự năm 2015| Điều 165,"Ông Huỳnh Tấn T kiện ông Nguyễn Khánh T2 tranh chấp quyền sử dụng đất kèm đòi bồi thường 56 cây chuối bị chặt. Quyền sử dụng đối với thửa đất diện tích 1.421,38m2 tại thửa số 173, tờ bản đồ 26; cho rằng bị đơn lấn chiếm",13,ALQAC2026_public_test.json
case_950,B_WIN,5,Bộ luật Tố tụng dân sự năm 2015,Điều 227,Bộ luật Tố tụng dân sự năm 2015| Điều 227,"Ông Huỳnh Tấn T kiện ông Nguyễn Khánh T2 tranh chấp quyền sử dụng đất kèm đòi bồi thường 56 cây chuối bị chặt. Quyền sử dụng đối với thửa đất diện tích 1.421,38m2 tại thửa số 173, tờ bản đồ 26; cho rằng bị đơn lấn chiếm",13,ALQAC2026_public_test.json
case_950,B_WIN,6,Bộ luật Tố tụng dân sự năm 2015,Điều 228,Bộ luật Tố tụng dân sự năm 2015| Điều 228,"Ông Huỳnh Tấn T kiện ông Nguyễn Khánh T2 tranh chấp quyền sử dụng đất kèm đòi bồi thường 56 cây chuối bị chặt. Quyền sử dụng đối với thửa đất diện tích 1.421,38m2 tại thửa số 173, tờ bản đồ 26; cho rằng bị đơn lấn chiếm",13,ALQAC2026_public_test.json
case_950,B_WIN,7,Bộ luật Dân sự năm 2005,Điều 234,Bộ luật Dân sự năm 2005| Điều 234,"Ông Huỳnh Tấn T kiện ông Nguyễn Khánh T2 tranh chấp quyền sử dụng đất kèm đòi bồi thường 56 cây chuối bị chặt. Quyền sử dụng đối với thửa đất diện tích 1.421,38m2 tại thửa số 173, tờ bản đồ 26; cho rằng bị đơn lấn chiếm",13,ALQAC2026_public_test.json
case_950,B_WIN,8,Bộ luật Dân sự năm 2005,Điều 604,Bộ luật Dân sự năm 2005| Điều 604,"Ông Huỳnh Tấn T kiện ông Nguyễn Khánh T2 tranh chấp quyền sử dụng đất kèm đòi bồi thường 56 cây chuối bị chặt. Quyền sử dụng đối với thửa đất diện tích 1.421,38m2 tại thửa số 173, tờ bản đồ 26; cho rằng bị đơn lấn chiếm",13,ALQAC2026_public_test.json
case_950,B_WIN,9,Luật Đất đai năm 2003,Điều 49,Luật Đất đai năm 2003| Điều 49,"Ông Huỳnh Tấn T kiện ông Nguyễn Khánh T2 tranh chấp quyền sử dụng đất kèm đòi bồi thường 56 cây chuối bị chặt. Quyền sử dụng đối với thửa đất diện tích 1.421,38m2 tại thửa số 173, tờ bản đồ 26; cho rằng bị đơn lấn chiếm",13,ALQAC2026_public_test.json
case_950,B_WIN,10,Luật Đất đai năm 2003,Điều 50,Luật Đất đai năm 2003| Điều 50,"Ông Huỳnh Tấn T kiện ông Nguyễn Khánh T2 tranh chấp quyền sử dụng đất kèm đòi bồi thường 56 cây chuối bị chặt. Quyền sử dụng đối với thửa đất diện tích 1.421,38m2 tại thửa số 173, tờ bản đồ 26; cho rằng bị đơn lấn chiếm",13,ALQAC2026_public_test.json
case_950,B_WIN,11,Luật Đất đai năm 2003,Điều 52,Luật Đất đai năm 2003| Điều 52,"Ông Huỳnh Tấn T kiện ông Nguyễn Khánh T2 tranh chấp quyền sử dụng đất kèm đòi bồi thường 56 cây chuối bị chặt. Quyền sử dụng đối với thửa đất diện tích 1.421,38m2 tại thửa số 173, tờ bản đồ 26; cho rằng bị đơn lấn chiếm",13,ALQAC2026_public_test.json
case_950,B_WIN,12,Luật Đất đai năm 2003,Điều 105,Luật Đất đai năm 2003| Điều 105,"Ông Huỳnh Tấn T kiện ông Nguyễn Khánh T2 tranh chấp quyền sử dụng đất kèm đòi bồi thường 56 cây chuối bị chặt. Quyền sử dụng đối với thửa đất diện tích 1.421,38m2 tại thửa số 173, tờ bản đồ 26; cho rằng bị đơn lấn chiếm",13,ALQAC2026_public_test.json
case_950,B_WIN,13,Luật Đất đai năm 2003,Điều 123,Luật Đất đai năm 2003| Điều 123,"Ông Huỳnh Tấn T kiện ông Nguyễn Khánh T2 tranh chấp quyền sử dụng đất kèm đòi bồi thường 56 cây chuối bị chặt. Quyền sử dụng đối với thửa đất diện tích 1.421,38m2 tại thửa số 173, tờ bản đồ 26; cho rằng bị đơn lấn chiếm",13,ALQAC2026_public_test.json
case_2035,PARTIAL_A_WIN,1,Bộ luật tố tụng,Điều 26,Bộ luật tố tụng | Điều 26,"Ông Trần Sinh H và người đại diện Nguyễn Thị C tranh chấp với ông Trần Văn L và liên quan đến bức tường, phần đất dưới bức tường, ban công, cửa sổ giữa hai nhà. Nguyên đơn yêu cầu công nhận bức tường 8,33m x cao 5,6m thu",12,ALQAC2026_public_test.json
case_2035,PARTIAL_A_WIN,2,Bộ luật tố tụng,Điều 35,Bộ luật tố tụng | Điều 35,"Ông Trần Sinh H và người đại diện Nguyễn Thị C tranh chấp với ông Trần Văn L và liên quan đến bức tường, phần đất dưới bức tường, ban công, cửa sổ giữa hai nhà. Nguyên đơn yêu cầu công nhận bức tường 8,33m x cao 5,6m thu",12,ALQAC2026_public_test.json
case_2035,PARTIAL_A_WIN,3,Bộ luật tố tụng,Điều 39,Bộ luật tố tụng | Điều 39,"Ông Trần Sinh H và người đại diện Nguyễn Thị C tranh chấp với ông Trần Văn L và liên quan đến bức tường, phần đất dưới bức tường, ban công, cửa sổ giữa hai nhà. Nguyên đơn yêu cầu công nhận bức tường 8,33m x cao 5,6m thu",12,ALQAC2026_public_test.json
case_2035,PARTIAL_A_WIN,4,Bộ luật tố tụng,Điều 144,Bộ luật tố tụng | Điều 144,"Ông Trần Sinh H và người đại diện Nguyễn Thị C tranh chấp với ông Trần Văn L và liên quan đến bức tường, phần đất dưới bức tường, ban công, cửa sổ giữa hai nhà. Nguyên đơn yêu cầu công nhận bức tường 8,33m x cao 5,6m thu",12,ALQAC2026_public_test.json
case_2035,PARTIAL_A_WIN,5,Bộ luật tố tụng,Điều 147,Bộ luật tố tụng | Điều 147,"Ông Trần Sinh H và người đại diện Nguyễn Thị C tranh chấp với ông Trần Văn L và liên quan đến bức tường, phần đất dưới bức tường, ban công, cửa sổ giữa hai nhà. Nguyên đơn yêu cầu công nhận bức tường 8,33m x cao 5,6m thu",12,ALQAC2026_public_test.json
case_2035,PARTIAL_A_WIN,6,Bộ luật tố tụng,Điều 227,Bộ luật tố tụng | Điều 227,"Ông Trần Sinh H và người đại diện Nguyễn Thị C tranh chấp với ông Trần Văn L và liên quan đến bức tường, phần đất dưới bức tường, ban công, cửa sổ giữa hai nhà. Nguyên đơn yêu cầu công nhận bức tường 8,33m x cao 5,6m thu",12,ALQAC2026_public_test.json
case_2035,PARTIAL_A_WIN,7,Bộ luật tố tụng,Điều 235,Bộ luật tố tụng | Điều 235,"Ông Trần Sinh H và người đại diện Nguyễn Thị C tranh chấp với ông Trần Văn L và liên quan đến bức tường, phần đất dưới bức tường, ban công, cửa sổ giữa hai nhà. Nguyên đơn yêu cầu công nhận bức tường 8,33m x cao 5,6m thu",12,ALQAC2026_public_test.json
case_2035,PARTIAL_A_WIN,8,Bộ luật Dân sự 2015,Điều 266,Bộ luật Dân sự 2015 | Điều 266,"Ông Trần Sinh H và người đại diện Nguyễn Thị C tranh chấp với ông Trần Văn L và liên quan đến bức tường, phần đất dưới bức tường, ban công, cửa sổ giữa hai nhà. Nguyên đơn yêu cầu công nhận bức tường 8,33m x cao 5,6m thu",12,ALQAC2026_public_test.json
case_2035,PARTIAL_A_WIN,9,Bộ luật Dân sự 2015,Điều 271,Bộ luật Dân sự 2015 | Điều 271,"Ông Trần Sinh H và người đại diện Nguyễn Thị C tranh chấp với ông Trần Văn L và liên quan đến bức tường, phần đất dưới bức tường, ban công, cửa sổ giữa hai nhà. Nguyên đơn yêu cầu công nhận bức tường 8,33m x cao 5,6m thu",12,ALQAC2026_public_test.json
case_2035,PARTIAL_A_WIN,10,Luật Đất đai 2013,Điều 26,Luật Đất đai 2013 | Điều 26,"Ông Trần Sinh H và người đại diện Nguyễn Thị C tranh chấp với ông Trần Văn L và liên quan đến bức tường, phần đất dưới bức tường, ban công, cửa sổ giữa hai nhà. Nguyên đơn yêu cầu công nhận bức tường 8,33m x cao 5,6m thu",12,ALQAC2026_public_test.json
case_2035,PARTIAL_A_WIN,11,Luật Đất đai 2013,Điều 166,Luật Đất đai 2013 | Điều 166,"Ông Trần Sinh H và người đại diện Nguyễn Thị C tranh chấp với ông Trần Văn L và liên quan đến bức tường, phần đất dưới bức tường, ban công, cửa sổ giữa hai nhà. Nguyên đơn yêu cầu công nhận bức tường 8,33m x cao 5,6m thu",12,ALQAC2026_public_test.json
case_2035,PARTIAL_A_WIN,12,Luật Đất đai 2013,Điều 170,Luật Đất đai 2013 | Điều 170,"Ông Trần Sinh H và người đại diện Nguyễn Thị C tranh chấp với ông Trần Văn L và liên quan đến bức tường, phần đất dưới bức tường, ban công, cửa sổ giữa hai nhà. Nguyên đơn yêu cầu công nhận bức tường 8,33m x cao 5,6m thu",12,ALQAC2026_public_test.json
case_8303,PARTIAL_A_WIN,1,Bộ luật dân sự năm 2005,Điều 122,Bộ luật dân sự năm 2005 | Điều 122,"Công ty QLTS (VAMC, kế thừa quyền và nghĩa vụ từ Ngân hàng VIB) khởi kiện bà Đỗ Thị T và ông Chu Văn A về tranh chấp hợp đồng tín dụng, kèm khế ước nhận nợ và nghĩa vụ trả lãi, gốc. Tài sản thế chấp là quyền sử dụng 113,",22,ALQAC2026_public_test.json
case_8303,PARTIAL_A_WIN,2,Bộ luật dân sự năm 2005,Điều 124,Bộ luật dân sự năm 2005 | Điều 124,"Công ty QLTS (VAMC, kế thừa quyền và nghĩa vụ từ Ngân hàng VIB) khởi kiện bà Đỗ Thị T và ông Chu Văn A về tranh chấp hợp đồng tín dụng, kèm khế ước nhận nợ và nghĩa vụ trả lãi, gốc. Tài sản thế chấp là quyền sử dụng 113,",22,ALQAC2026_public_test.json
case_8303,PARTIAL_A_WIN,3,Bộ luật dân sự năm 2005,Điều 343,Bộ luật dân sự năm 2005 | Điều 343,"Công ty QLTS (VAMC, kế thừa quyền và nghĩa vụ từ Ngân hàng VIB) khởi kiện bà Đỗ Thị T và ông Chu Văn A về tranh chấp hợp đồng tín dụng, kèm khế ước nhận nợ và nghĩa vụ trả lãi, gốc. Tài sản thế chấp là quyền sử dụng 113,",22,ALQAC2026_public_test.json
case_8303,PARTIAL_A_WIN,4,Bộ luật dân sự năm 2005,Điều 351,Bộ luật dân sự năm 2005 | Điều 351,"Công ty QLTS (VAMC, kế thừa quyền và nghĩa vụ từ Ngân hàng VIB) khởi kiện bà Đỗ Thị T và ông Chu Văn A về tranh chấp hợp đồng tín dụng, kèm khế ước nhận nợ và nghĩa vụ trả lãi, gốc. Tài sản thế chấp là quyền sử dụng 113,",22,ALQAC2026_public_test.json
case_8303,PARTIAL_A_WIN,5,Bộ luật dân sự năm 2005,Điều 355,Bộ luật dân sự năm 2005 | Điều 355,"Công ty QLTS (VAMC, kế thừa quyền và nghĩa vụ từ Ngân hàng VIB) khởi kiện bà Đỗ Thị T và ông Chu Văn A về tranh chấp hợp đồng tín dụng, kèm khế ước nhận nợ và nghĩa vụ trả lãi, gốc. Tài sản thế chấp là quyền sử dụng 113,",22,ALQAC2026_public_test.json
case_8303,PARTIAL_A_WIN,6,Bộ luật dân sự năm 2005,Điều 422,Bộ luật dân sự năm 2005 | Điều 422,"Công ty QLTS (VAMC, kế thừa quyền và nghĩa vụ từ Ngân hàng VIB) khởi kiện bà Đỗ Thị T và ông Chu Văn A về tranh chấp hợp đồng tín dụng, kèm khế ước nhận nợ và nghĩa vụ trả lãi, gốc. Tài sản thế chấp là quyền sử dụng 113,",22,ALQAC2026_public_test.json
case_8303,PARTIAL_A_WIN,7,Bộ luật dân sự năm 2005,Điều 721,Bộ luật dân sự năm 2005 | Điều 721,"Công ty QLTS (VAMC, kế thừa quyền và nghĩa vụ từ Ngân hàng VIB) khởi kiện bà Đỗ Thị T và ông Chu Văn A về tranh chấp hợp đồng tín dụng, kèm khế ước nhận nợ và nghĩa vụ trả lãi, gốc. Tài sản thế chấp là quyền sử dụng 113,",22,ALQAC2026_public_test.json
case_8303,PARTIAL_A_WIN,8,Luật các tổ chức tín dụng,Điều 91 khoản 2,Luật các tổ chức tín dụng | Điều 91 khoản 2,"Công ty QLTS (VAMC, kế thừa quyền và nghĩa vụ từ Ngân hàng VIB) khởi kiện bà Đỗ Thị T và ông Chu Văn A về tranh chấp hợp đồng tín dụng, kèm khế ước nhận nợ và nghĩa vụ trả lãi, gốc. Tài sản thế chấp là quyền sử dụng 113,",22,ALQAC2026_public_test.json
case_8303,PARTIAL_A_WIN,9,Luật các tổ chức tín dụng,Điều 95,Luật các tổ chức tín dụng | Điều 95,"Công ty QLTS (VAMC, kế thừa quyền và nghĩa vụ từ Ngân hàng VIB) khởi kiện bà Đỗ Thị T và ông Chu Văn A về tranh chấp hợp đồng tín dụng, kèm khế ước nhận nợ và nghĩa vụ trả lãi, gốc. Tài sản thế chấp là quyền sử dụng 113,",22,ALQAC2026_public_test.json
case_8303,PARTIAL_A_WIN,10,Bộ luật tố tụng dân sự năm 2015,Điều 26,Bộ luật tố tụng dân sự năm 2015 | Điều 26,"Công ty QLTS (VAMC, kế thừa quyền và nghĩa vụ từ Ngân hàng VIB) khởi kiện bà Đỗ Thị T và ông Chu Văn A về tranh chấp hợp đồng tín dụng, kèm khế ước nhận nợ và nghĩa vụ trả lãi, gốc. Tài sản thế chấp là quyền sử dụng 113,",22,ALQAC2026_public_test.json
case_8303,PARTIAL_A_WIN,11,Bộ luật tố tụng dân sự năm 2015,Điều 35,Bộ luật tố tụng dân sự năm 2015 | Điều 35,"Công ty QLTS (VAMC, kế thừa quyền và nghĩa vụ từ Ngân hàng VIB) khởi kiện bà Đỗ Thị T và ông Chu Văn A về tranh chấp hợp đồng tín dụng, kèm khế ước nhận nợ và nghĩa vụ trả lãi, gốc. Tài sản thế chấp là quyền sử dụng 113,",22,ALQAC2026_public_test.json
case_8303,PARTIAL_A_WIN,12,Bộ luật tố tụng dân sự năm 2015,Điều 39,Bộ luật tố tụng dân sự năm 2015 | Điều 39,"Công ty QLTS (VAMC, kế thừa quyền và nghĩa vụ từ Ngân hàng VIB) khởi kiện bà Đỗ Thị T và ông Chu Văn A về tranh chấp hợp đồng tín dụng, kèm khế ước nhận nợ và nghĩa vụ trả lãi, gốc. Tài sản thế chấp là quyền sử dụng 113,",22,ALQAC2026_public_test.json
case_8303,PARTIAL_A_WIN,13,Bộ luật tố tụng dân sự năm 2015,Điều 95,Bộ luật tố tụng dân sự năm 2015 | Điều 95,"Công ty QLTS (VAMC, kế thừa quyền và nghĩa vụ từ Ngân hàng VIB) khởi kiện bà Đỗ Thị T và ông Chu Văn A về tranh chấp hợp đồng tín dụng, kèm khế ước nhận nợ và nghĩa vụ trả lãi, gốc. Tài sản thế chấp là quyền sử dụng 113,",22,ALQAC2026_public_test.json
case_8303,PARTIAL_A_WIN,14,Bộ luật tố tụng dân sự năm 2015,Điều 146,Bộ luật tố tụng dân sự năm 2015 | Điều 146,"Công ty QLTS (VAMC, kế thừa quyền và nghĩa vụ từ Ngân hàng VIB) khởi kiện bà Đỗ Thị T và ông Chu Văn A về tranh chấp hợp đồng tín dụng, kèm khế ước nhận nợ và nghĩa vụ trả lãi, gốc. Tài sản thế chấp là quyền sử dụng 113,",22,ALQAC2026_public_test.json
case_8303,PARTIAL_A_WIN,15,Bộ luật tố tụng dân sự năm 2015,Điều 227,Bộ luật tố tụng dân sự năm 2015 | Điều 227,"Công ty QLTS (VAMC, kế thừa quyền và nghĩa vụ từ Ngân hàng VIB) khởi kiện bà Đỗ Thị T và ông Chu Văn A về tranh chấp hợp đồng tín dụng, kèm khế ước nhận nợ và nghĩa vụ trả lãi, gốc. Tài sản thế chấp là quyền sử dụng 113,",22,ALQAC2026_public_test.json
case_8303,PARTIAL_A_WIN,16,Bộ luật tố tụng dân sự năm 2015,Điều 228,Bộ luật tố tụng dân sự năm 2015 | Điều 228,"Công ty QLTS (VAMC, kế thừa quyền và nghĩa vụ từ Ngân hàng VIB) khởi kiện bà Đỗ Thị T và ông Chu Văn A về tranh chấp hợp đồng tín dụng, kèm khế ước nhận nợ và nghĩa vụ trả lãi, gốc. Tài sản thế chấp là quyền sử dụng 113,",22,ALQAC2026_public_test.json
case_8303,PARTIAL_A_WIN,17,Bộ luật tố tụng dân sự năm 2015,Điều 271,Bộ luật tố tụng dân sự năm 2015 | Điều 271,"Công ty QLTS (VAMC, kế thừa quyền và nghĩa vụ từ Ngân hàng VIB) khởi kiện bà Đỗ Thị T và ông Chu Văn A về tranh chấp hợp đồng tín dụng, kèm khế ước nhận nợ và nghĩa vụ trả lãi, gốc. Tài sản thế chấp là quyền sử dụng 113,",22,ALQAC2026_public_test.json
case_8303,PARTIAL_A_WIN,18,Bộ luật tố tụng dân sự năm 2015,Điều 273,Bộ luật tố tụng dân sự năm 2015 | Điều 273,"Công ty QLTS (VAMC, kế thừa quyền và nghĩa vụ từ Ngân hàng VIB) khởi kiện bà Đỗ Thị T và ông Chu Văn A về tranh chấp hợp đồng tín dụng, kèm khế ước nhận nợ và nghĩa vụ trả lãi, gốc. Tài sản thế chấp là quyền sử dụng 113,",22,ALQAC2026_public_test.json
case_8303,PARTIAL_A_WIN,19,Án lệ số 08/2016/AL,,Án lệ số 08/2016/AL,"Công ty QLTS (VAMC, kế thừa quyền và nghĩa vụ từ Ngân hàng VIB) khởi kiện bà Đỗ Thị T và ông Chu Văn A về tranh chấp hợp đồng tín dụng, kèm khế ước nhận nợ và nghĩa vụ trả lãi, gốc. Tài sản thế chấp là quyền sử dụng 113,",22,ALQAC2026_public_test.json
case_8303,PARTIAL_A_WIN,20,Án lệ số 11/2017/AL,,Án lệ số 11/2017/AL,"Công ty QLTS (VAMC, kế thừa quyền và nghĩa vụ từ Ngân hàng VIB) khởi kiện bà Đỗ Thị T và ông Chu Văn A về tranh chấp hợp đồng tín dụng, kèm khế ước nhận nợ và nghĩa vụ trả lãi, gốc. Tài sản thế chấp là quyền sử dụng 113,",22,ALQAC2026_public_test.json
case_8303,PARTIAL_A_WIN,21,Nghị quyết số 326/2016/UBTVQH14 ngày 30/12/2016 của Ủy ban thường vụ Quốc hội,Điều 26,Nghị quyết số 326/2016/UBTVQH14 ngày 30/12/2016 của Ủy ban thường vụ Quốc hội | Điều 26,"Công ty QLTS (VAMC, kế thừa quyền và nghĩa vụ từ Ngân hàng VIB) khởi kiện bà Đỗ Thị T và ông Chu Văn A về tranh chấp hợp đồng tín dụng, kèm khế ước nhận nợ và nghĩa vụ trả lãi, gốc. Tài sản thế chấp là quyền sử dụng 113,",22,ALQAC2026_public_test.json
case_8303,PARTIAL_A_WIN,22,"Pháp lệnh án phí, lệ phí Tòa án",Điều 14,"Pháp lệnh án phí, lệ phí Tòa án | Điều 14","Công ty QLTS (VAMC, kế thừa quyền và nghĩa vụ từ Ngân hàng VIB) khởi kiện bà Đỗ Thị T và ông Chu Văn A về tranh chấp hợp đồng tín dụng, kèm khế ước nhận nợ và nghĩa vụ trả lãi, gốc. Tài sản thế chấp là quyền sử dụng 113,",22,ALQAC2026_public_test.json
case_4704,A_WIN,1,Bộ luật tố tụng dân sự năm 2015,Điều 26,Bộ luật tố tụng dân sự năm 2015 | Điều 26,"Ông Lê Phú L khởi kiện ông Lê Phú T tranh chấp thừa kế đối với nhà và đất số MC, Phường 15, Quận 8 cùng các vật dụng trong nhà của ông Lê Văn S, bà Ngô Thị N (không để lại di chúc). Nguyên đơn yêu cầu trừ 200.000.000đ sử",11,ALQAC2026_public_test.json
case_4704,A_WIN,2,Bộ luật tố tụng dân sự năm 2015,Điều 37,Bộ luật tố tụng dân sự năm 2015 | Điều 37,"Ông Lê Phú L khởi kiện ông Lê Phú T tranh chấp thừa kế đối với nhà và đất số MC, Phường 15, Quận 8 cùng các vật dụng trong nhà của ông Lê Văn S, bà Ngô Thị N (không để lại di chúc). Nguyên đơn yêu cầu trừ 200.000.000đ sử",11,ALQAC2026_public_test.json
case_4704,A_WIN,3,Bộ luật tố tụng dân sự năm 2015,Điều 165,Bộ luật tố tụng dân sự năm 2015 | Điều 165,"Ông Lê Phú L khởi kiện ông Lê Phú T tranh chấp thừa kế đối với nhà và đất số MC, Phường 15, Quận 8 cùng các vật dụng trong nhà của ông Lê Văn S, bà Ngô Thị N (không để lại di chúc). Nguyên đơn yêu cầu trừ 200.000.000đ sử",11,ALQAC2026_public_test.json
case_4704,A_WIN,4,Bộ luật tố tụng dân sự năm 2015,Điều 228,Bộ luật tố tụng dân sự năm 2015 | Điều 228,"Ông Lê Phú L khởi kiện ông Lê Phú T tranh chấp thừa kế đối với nhà và đất số MC, Phường 15, Quận 8 cùng các vật dụng trong nhà của ông Lê Văn S, bà Ngô Thị N (không để lại di chúc). Nguyên đơn yêu cầu trừ 200.000.000đ sử",11,ALQAC2026_public_test.json
case_4704,A_WIN,5,Bộ luật dân sự năm 2005,Điều 245,Bộ luật dân sự năm 2005 | Điều 245,"Ông Lê Phú L khởi kiện ông Lê Phú T tranh chấp thừa kế đối với nhà và đất số MC, Phường 15, Quận 8 cùng các vật dụng trong nhà của ông Lê Văn S, bà Ngô Thị N (không để lại di chúc). Nguyên đơn yêu cầu trừ 200.000.000đ sử",11,ALQAC2026_public_test.json
case_4704,A_WIN,6,Bộ luật dân sự năm 2005,Điều 640,Bộ luật dân sự năm 2005 | Điều 640,"Ông Lê Phú L khởi kiện ông Lê Phú T tranh chấp thừa kế đối với nhà và đất số MC, Phường 15, Quận 8 cùng các vật dụng trong nhà của ông Lê Văn S, bà Ngô Thị N (không để lại di chúc). Nguyên đơn yêu cầu trừ 200.000.000đ sử",11,ALQAC2026_public_test.json
case_4704,A_WIN,7,Bộ luật dân sự năm 2005,Điều 645,Bộ luật dân sự năm 2005 | Điều 645,"Ông Lê Phú L khởi kiện ông Lê Phú T tranh chấp thừa kế đối với nhà và đất số MC, Phường 15, Quận 8 cùng các vật dụng trong nhà của ông Lê Văn S, bà Ngô Thị N (không để lại di chúc). Nguyên đơn yêu cầu trừ 200.000.000đ sử",11,ALQAC2026_public_test.json
case_4704,A_WIN,8,Bộ luật dân sự năm 2005,Điều 675,Bộ luật dân sự năm 2005 | Điều 675,"Ông Lê Phú L khởi kiện ông Lê Phú T tranh chấp thừa kế đối với nhà và đất số MC, Phường 15, Quận 8 cùng các vật dụng trong nhà của ông Lê Văn S, bà Ngô Thị N (không để lại di chúc). Nguyên đơn yêu cầu trừ 200.000.000đ sử",11,ALQAC2026_public_test.json
case_4704,A_WIN,9,Bộ luật dân sự năm 2005,Điều 676,Bộ luật dân sự năm 2005 | Điều 676,"Ông Lê Phú L khởi kiện ông Lê Phú T tranh chấp thừa kế đối với nhà và đất số MC, Phường 15, Quận 8 cùng các vật dụng trong nhà của ông Lê Văn S, bà Ngô Thị N (không để lại di chúc). Nguyên đơn yêu cầu trừ 200.000.000đ sử",11,ALQAC2026_public_test.json
case_4704,A_WIN,10,Bộ luật dân sự năm 2005,Điều 685,Bộ luật dân sự năm 2005 | Điều 685,"Ông Lê Phú L khởi kiện ông Lê Phú T tranh chấp thừa kế đối với nhà và đất số MC, Phường 15, Quận 8 cùng các vật dụng trong nhà của ông Lê Văn S, bà Ngô Thị N (không để lại di chúc). Nguyên đơn yêu cầu trừ 200.000.000đ sử",11,ALQAC2026_public_test.json
case_4704,A_WIN,11,"Pháp lệnh về án phí, lệ phí Tòa án năm 2009",,"Pháp lệnh về án phí, lệ phí Tòa án năm 2009","Ông Lê Phú L khởi kiện ông Lê Phú T tranh chấp thừa kế đối với nhà và đất số MC, Phường 15, Quận 8 cùng các vật dụng trong nhà của ông Lê Văn S, bà Ngô Thị N (không để lại di chúc). Nguyên đơn yêu cầu trừ 200.000.000đ sử",11,ALQAC2026_public_test.json
case_4644,PARTIAL_A_WIN,1,Bộ luật Dân sự 2015,Điều 357,Bộ luật Dân sự 2015 | Điều 357,"Anh Thân Văn D kiện anh Đặng Văn N và chị Đỗ Thị C về bồi thường thiệt hại sức khỏe ngoài hợp đồng do xô xát ngày 08/9/2016 gây thương tích 10%, ảnh hưởng mắt. Nguyên đơn yêu cầu bồi thường chi phí điều trị, tiền mất thu",11,ALQAC2026_public_test.json
case_4644,PARTIAL_A_WIN,2,Bộ luật Dân sự 2015,Điều 584,Bộ luật Dân sự 2015 | Điều 584,"Anh Thân Văn D kiện anh Đặng Văn N và chị Đỗ Thị C về bồi thường thiệt hại sức khỏe ngoài hợp đồng do xô xát ngày 08/9/2016 gây thương tích 10%, ảnh hưởng mắt. Nguyên đơn yêu cầu bồi thường chi phí điều trị, tiền mất thu",11,ALQAC2026_public_test.json
case_4644,PARTIAL_A_WIN,3,Bộ luật Dân sự 2015,Điều 585,Bộ luật Dân sự 2015 | Điều 585,"Anh Thân Văn D kiện anh Đặng Văn N và chị Đỗ Thị C về bồi thường thiệt hại sức khỏe ngoài hợp đồng do xô xát ngày 08/9/2016 gây thương tích 10%, ảnh hưởng mắt. Nguyên đơn yêu cầu bồi thường chi phí điều trị, tiền mất thu",11,ALQAC2026_public_test.json
case_4644,PARTIAL_A_WIN,4,Bộ luật Dân sự 2015,Điều 586,Bộ luật Dân sự 2015 | Điều 586,"Anh Thân Văn D kiện anh Đặng Văn N và chị Đỗ Thị C về bồi thường thiệt hại sức khỏe ngoài hợp đồng do xô xát ngày 08/9/2016 gây thương tích 10%, ảnh hưởng mắt. Nguyên đơn yêu cầu bồi thường chi phí điều trị, tiền mất thu",11,ALQAC2026_public_test.json
case_4644,PARTIAL_A_WIN,5,Bộ luật Dân sự 2015,Điều 587,Bộ luật Dân sự 2015 | Điều 587,"Anh Thân Văn D kiện anh Đặng Văn N và chị Đỗ Thị C về bồi thường thiệt hại sức khỏe ngoài hợp đồng do xô xát ngày 08/9/2016 gây thương tích 10%, ảnh hưởng mắt. Nguyên đơn yêu cầu bồi thường chi phí điều trị, tiền mất thu",11,ALQAC2026_public_test.json
case_4644,PARTIAL_A_WIN,6,Bộ luật Dân sự 2015,Điều 590,Bộ luật Dân sự 2015 | Điều 590,"Anh Thân Văn D kiện anh Đặng Văn N và chị Đỗ Thị C về bồi thường thiệt hại sức khỏe ngoài hợp đồng do xô xát ngày 08/9/2016 gây thương tích 10%, ảnh hưởng mắt. Nguyên đơn yêu cầu bồi thường chi phí điều trị, tiền mất thu",11,ALQAC2026_public_test.json
case_4644,PARTIAL_A_WIN,7,Bộ luật Tố tụng dân sự 2015,Điều 35,Bộ luật Tố tụng dân sự 2015 | Điều 35,"Anh Thân Văn D kiện anh Đặng Văn N và chị Đỗ Thị C về bồi thường thiệt hại sức khỏe ngoài hợp đồng do xô xát ngày 08/9/2016 gây thương tích 10%, ảnh hưởng mắt. Nguyên đơn yêu cầu bồi thường chi phí điều trị, tiền mất thu",11,ALQAC2026_public_test.json
case_4644,PARTIAL_A_WIN,8,Bộ luật Tố tụng dân sự 2015,Điều 266 (Khoản 2),Bộ luật Tố tụng dân sự 2015 | Điều 266 (Khoản 2),"Anh Thân Văn D kiện anh Đặng Văn N và chị Đỗ Thị C về bồi thường thiệt hại sức khỏe ngoài hợp đồng do xô xát ngày 08/9/2016 gây thương tích 10%, ảnh hưởng mắt. Nguyên đơn yêu cầu bồi thường chi phí điều trị, tiền mất thu",11,ALQAC2026_public_test.json
case_4644,PARTIAL_A_WIN,9,Bộ luật Tố tụng dân sự 2015,Điều 271,Bộ luật Tố tụng dân sự 2015 | Điều 271,"Anh Thân Văn D kiện anh Đặng Văn N và chị Đỗ Thị C về bồi thường thiệt hại sức khỏe ngoài hợp đồng do xô xát ngày 08/9/2016 gây thương tích 10%, ảnh hưởng mắt. Nguyên đơn yêu cầu bồi thường chi phí điều trị, tiền mất thu",11,ALQAC2026_public_test.json
case_4644,PARTIAL_A_WIN,10,Bộ luật Tố tụng dân sự 2015,Điều 273,Bộ luật Tố tụng dân sự 2015 | Điều 273,"Anh Thân Văn D kiện anh Đặng Văn N và chị Đỗ Thị C về bồi thường thiệt hại sức khỏe ngoài hợp đồng do xô xát ngày 08/9/2016 gây thương tích 10%, ảnh hưởng mắt. Nguyên đơn yêu cầu bồi thường chi phí điều trị, tiền mất thu",11,ALQAC2026_public_test.json
case_4644,PARTIAL_A_WIN,11,Nghị quyết 326/2016/UBTVQH14 ngày 30/12/2016 của Ủy ban thường vụ Quốc hội,Khoản 2 Điều 26,Nghị quyết 326/2016/UBTVQH14 ngày 30/12/2016 của Ủy ban thường vụ Quốc hội | Khoản 2 Điều 26,"Anh Thân Văn D kiện anh Đặng Văn N và chị Đỗ Thị C về bồi thường thiệt hại sức khỏe ngoài hợp đồng do xô xát ngày 08/9/2016 gây thương tích 10%, ảnh hưởng mắt. Nguyên đơn yêu cầu bồi thường chi phí điều trị, tiền mất thu",11,ALQAC2026_public_test.json
case_4834,PARTIAL_A_WIN,1,Bộ luật Dân sự 2015,Điều 357,Bộ luật Dân sự 2015 | Điều 357,"Ông Trần Thanh N, bà Lương Thị D khởi kiện ông Nguyễn Tấn C về việc đòi lại khoản tiền liên quan các hộ dân vay vốn nông nghiệp thông qua ngân hàng, có thỏa thuận giao/thu tiền và thế chấp quyền sử dụng đất. Nguyên đơn y",11,ALQAC2026_public_test.json
case_4834,PARTIAL_A_WIN,2,Bộ luật Dân sự 2015,Điều 584,Bộ luật Dân sự 2015 | Điều 584,"Ông Trần Thanh N, bà Lương Thị D khởi kiện ông Nguyễn Tấn C về việc đòi lại khoản tiền liên quan các hộ dân vay vốn nông nghiệp thông qua ngân hàng, có thỏa thuận giao/thu tiền và thế chấp quyền sử dụng đất. Nguyên đơn y",11,ALQAC2026_public_test.json
case_4834,PARTIAL_A_WIN,3,Bộ luật Dân sự 2015,Điều 585,Bộ luật Dân sự 2015 | Điều 585,"Ông Trần Thanh N, bà Lương Thị D khởi kiện ông Nguyễn Tấn C về việc đòi lại khoản tiền liên quan các hộ dân vay vốn nông nghiệp thông qua ngân hàng, có thỏa thuận giao/thu tiền và thế chấp quyền sử dụng đất. Nguyên đơn y",11,ALQAC2026_public_test.json
case_4834,PARTIAL_A_WIN,4,Bộ luật Dân sự 2015,Điều 586,Bộ luật Dân sự 2015 | Điều 586,"Ông Trần Thanh N, bà Lương Thị D khởi kiện ông Nguyễn Tấn C về việc đòi lại khoản tiền liên quan các hộ dân vay vốn nông nghiệp thông qua ngân hàng, có thỏa thuận giao/thu tiền và thế chấp quyền sử dụng đất. Nguyên đơn y",11,ALQAC2026_public_test.json
case_4834,PARTIAL_A_WIN,5,Bộ luật Dân sự 2015,Điều 587,Bộ luật Dân sự 2015 | Điều 587,"Ông Trần Thanh N, bà Lương Thị D khởi kiện ông Nguyễn Tấn C về việc đòi lại khoản tiền liên quan các hộ dân vay vốn nông nghiệp thông qua ngân hàng, có thỏa thuận giao/thu tiền và thế chấp quyền sử dụng đất. Nguyên đơn y",11,ALQAC2026_public_test.json
case_4834,PARTIAL_A_WIN,6,Bộ luật Dân sự 2015,Điều 590,Bộ luật Dân sự 2015 | Điều 590,"Ông Trần Thanh N, bà Lương Thị D khởi kiện ông Nguyễn Tấn C về việc đòi lại khoản tiền liên quan các hộ dân vay vốn nông nghiệp thông qua ngân hàng, có thỏa thuận giao/thu tiền và thế chấp quyền sử dụng đất. Nguyên đơn y",11,ALQAC2026_public_test.json
case_4834,PARTIAL_A_WIN,7,Bộ luật Tố tụng Dân sự 2015,Điều 35,Bộ luật Tố tụng Dân sự 2015 | Điều 35,"Ông Trần Thanh N, bà Lương Thị D khởi kiện ông Nguyễn Tấn C về việc đòi lại khoản tiền liên quan các hộ dân vay vốn nông nghiệp thông qua ngân hàng, có thỏa thuận giao/thu tiền và thế chấp quyền sử dụng đất. Nguyên đơn y",11,ALQAC2026_public_test.json
case_4834,PARTIAL_A_WIN,8,Bộ luật Tố tụng Dân sự 2015,Điều 266 (Khoản 2),Bộ luật Tố tụng Dân sự 2015 | Điều 266 (Khoản 2),"Ông Trần Thanh N, bà Lương Thị D khởi kiện ông Nguyễn Tấn C về việc đòi lại khoản tiền liên quan các hộ dân vay vốn nông nghiệp thông qua ngân hàng, có thỏa thuận giao/thu tiền và thế chấp quyền sử dụng đất. Nguyên đơn y",11,ALQAC2026_public_test.json
case_4834,PARTIAL_A_WIN,9,Bộ luật Tố tụng Dân sự 2015,Điều 271,Bộ luật Tố tụng Dân sự 2015 | Điều 271,"Ông Trần Thanh N, bà Lương Thị D khởi kiện ông Nguyễn Tấn C về việc đòi lại khoản tiền liên quan các hộ dân vay vốn nông nghiệp thông qua ngân hàng, có thỏa thuận giao/thu tiền và thế chấp quyền sử dụng đất. Nguyên đơn y",11,ALQAC2026_public_test.json
case_4834,PARTIAL_A_WIN,10,Bộ luật Tố tụng Dân sự 2015,Điều 273,Bộ luật Tố tụng Dân sự 2015 | Điều 273,"Ông Trần Thanh N, bà Lương Thị D khởi kiện ông Nguyễn Tấn C về việc đòi lại khoản tiền liên quan các hộ dân vay vốn nông nghiệp thông qua ngân hàng, có thỏa thuận giao/thu tiền và thế chấp quyền sử dụng đất. Nguyên đơn y",11,ALQAC2026_public_test.json
case_4834,PARTIAL_A_WIN,11,Nghị quyết 326/2016/UBTVQH14 ngày 30/12/2016 của Ủy ban Thường vụ Quốc hội,Khoản 2 Điều 26,Nghị quyết 326/2016/UBTVQH14 ngày 30/12/2016 của Ủy ban Thường vụ Quốc hội | Khoản 2 Điều 26,"Ông Trần Thanh N, bà Lương Thị D khởi kiện ông Nguyễn Tấn C về việc đòi lại khoản tiền liên quan các hộ dân vay vốn nông nghiệp thông qua ngân hàng, có thỏa thuận giao/thu tiền và thế chấp quyền sử dụng đất. Nguyên đơn y",11,ALQAC2026_public_test.json
